,time_utc,open,high,low,close,volume_krw,volume_market,coin_returns
0,2023-10-23 19:00:00,46295000.0,46780000.0,44817000.0,45564000.0,480261704232.4772,10493.79082319,
1,2023-10-24 19:00:00,45578000.0,47355000.0,45050000.0,46768000.0,360303716885.50165,7788.60252199,1.0264243701167588
2,2023-10-25 19:00:00,46768000.0,47093000.0,45631000.0,45943000.0,323178408025.9288,6962.93738935,1.0083179703274514
3,2023-10-26 19:00:00,45943000.0,46352000.0,45450000.0,45700000.0,151182527085.89734,3289.18062267,1.002984812571328
4,2023-10-27 19:00:00,45700000.0,46780000.0,45667000.0,46516000.0,105514241465.2985,2279.27045544,1.0208936879992976
5,2023-10-28 19:00:00,46549000.0,47028000.0,46285000.0,47009000.0,99743691520.87486,2140.58883241,1.0317136335703625
6,2023-10-29 19:00:00,47020000.0,47215000.0,46417000.0,46581000.0,196721657015.03305,4202.00143394,1.0223202528311823
7,2023-10-30 19:00:00,46600000.0,46900000.0,46302000.0,46705000.0,179003086926.6097,3838.16449368,1.0250416995873934
8,2023-10-31 19:00:00,46705000.0,48165000.0,46614000.0,47030000.0,252845713049.49875,5363.59829767,1.0321745237468176
9,2023-11-01 19:00:00,47049000.0,48661000.0,46732000.0,47335000.0,339269528856.11755,7096.16085828,1.0388684048810464
10,2023-11-02 19:00:00,47335000.0,47700000.0,46203000.0,46426000.0,240550808303.01724,5151.84436909,1.0189184443859187
11,2023-11-03 19:00:00,46442000.0,46977000.0,46286000.0,46813000.0,125860017716.59914,2694.40304427,1.0274119919234483
12,2023-11-04 19:00:00,46816000.0,47500000.0,46706000.0,46973000.0,157908729860.56247,3348.51021177,1.0309235361250109
13,2023-11-05 19:00:00,46974000.0,47489000.0,46471000.0,46675000.0,170076873024.19778,3629.27354809,1.0243832850496004
14,2023-11-06 19:00:00,46699000.0,47352000.0,46300000.0,47182000.0,159032487392.48117,3406.87932936,1.035510490738302
15,2023-11-07 19:00:00,47188000.0,47696000.0,46927000.0,47255000.0,131133973532.9587,2778.56500487,1.0371126327802647
16,2023-11-08 19:00:00,47255000.0,50278000.0,47123000.0,48666000.0,548431651298.86896,11226.25799773,1.0680800632077951
17,2023-11-09 19:00:00,48666000.0,50215000.0,48500000.0,50010000.0,303493484260.3307,6134.72059415,1.0975770345009213
18,2023-11-10 19:00:00,50010000.0,50180000.0,49230000.0,49565000.0,201259503640.3292,4047.79207388,1.0878105521903252
19,2023-11-11 19:00:00,49549000.0,49929000.0,49141000.0,49396000.0,164760899477.22302,3332.04214546,1.0841014836274248
20,2023-11-12 19:00:00,49453000.0,49803000.0,49334000.0,49518000.0,148908375829.0948,3007.46710622,1.0867790360811165
21,2023-11-13 19:00:00,49518000.0,49633000.0,48368000.0,48391000.0,261196953949.46396,5318.30660336,1.0620445966113596
22,2023-11-14 19:00:00,48398000.0,49900000.0,47018000.0,49776000.0,285444375841.0419,5948.39607596,1.092441401106136
23,2023-11-15 19:00:00,49777000.0,50652000.0,48617000.0,48776000.0,307869321548.1048,6171.97833062,1.0704942498463696
24,2023-11-16 19:00:00,48777000.0,49500000.0,48115000.0,49135000.0,204095089126.4369,4174.02526895,1.0783732771486259
25,2023-11-17 19:00:00,49149000.0,49507000.0,48851000.0,49280000.0,102664960791.61546,2089.24148055,1.081555614081292
26,2023-11-18 19:00:00,49291000.0,49408000.0,49000000.0,49293000.0,76547858873.3127,1557.24659713,1.0818409270476692
27,2023-11-19 19:00:00,49294000.0,50183000.0,49198000.0,50049000.0,150943023777.6605,3037.79656673,1.0984329734000526
28,2023-11-20 19:00:00,50060000.0,50389000.0,48959000.0,49840000.0,229210395342.82898,4601.61424729,1.0938460187867614
29,2023-11-21 19:00:00,49840000.0,50069000.0,48391000.0,49865000.0,209052042853.89694,4255.62342802,1.0943946975682555
30,2023-11-22 19:00:00,49865000.0,50499000.0,49500000.0,49864000.0,170172830634.61658,3402.74594345,1.0943727504169956
31,2023-11-23 19:00:00,49861000.0,51323000.0,49811000.0,50610000.0,182535689311.4718,3612.88839827,1.1107453252567814
32,2023-11-24 19:00:00,50610000.0,50850000.0,50307000.0,50663000.0,96421952502.3056,1905.32147432,1.111908524273549
33,2023-11-25 19:00:00,50663000.0,50700000.0,50019000.0,50040000.0,91634256646.54262,1820.639337,1.0982354490387143
34,2023-11-26 19:00:00,50040000.0,50565000.0,49500000.0,49900000.0,142879179928.8627,2859.70502629,1.095162847862347
35,2023-11-27 19:00:00,49932000.0,50999000.0,49550000.0,50763000.0,136625417313.30283,2724.65851616,1.1141032393995254
36,2023-11-28 19:00:00,50775000.0,51250000.0,50370000.0,50684000.0,168199806342.6647,3309.31164116,1.1123694144500038
37,2023-11-29 19:00:00,50705000.0,50963000.0,50445000.0,50645000.0,142739615721.90823,2817.53336063,1.1115134755508729
38,2023-11-30 19:00:00,50645000.0,52000000.0,50500000.0,51839000.0,197518078645.8102,3849.29389088,1.137718374155034
39,2023-12-01 19:00:00,51835000.0,51995000.0,51645000.0,51701000.0,99731930340.47308,1925.58631679,1.1346896672811864
40,2023-12-02 19:00:00,51751000.0,53362000.0,51700000.0,53130000.0,198978034685.35165,3773.33885643,1.1660521464313927
41,2023-12-03 19:00:00,53130000.0,56654000.0,53015000.0,56511000.0,602361632367.4484,10875.1783692,1.2402554648406632
42,2023-12-04 19:00:00,56511000.0,59897000.0,56000000.0,59554000.0,503199491157.17664,8778.79102514,1.3070406461241326
43,2023-12-05 19:00:00,59554000.0,61312000.0,59250000.0,60486000.0,659715327965.1704,10940.74357808,1.3274953910982348
44,2023-12-06 19:00:00,60490000.0,60958000.0,58555000.0,59270000.0,479048075601.124,8008.11735926,1.3008076551663588
45,2023-12-07 19:00:00,59251000.0,60000000.0,58750000.0,59818000.0,309312564243.8389,5206.74216971,1.3128346940567106
46,2023-12-08 19:00:00,59853000.0,60753000.0,59680000.0,60214000.0,239966762696.33987,3988.49808415,1.3215257659555781
47,2023-12-09 19:00:00,60214000.0,60377000.0,59563000.0,59950000.0,155292830126.9469,2586.55255185,1.3157317180229997
48,2023-12-10 19:00:00,59950000.0,60043000.0,56168000.0,56486000.0,590053408064.8286,10170.272479,1.2397067860591686
49,2023-12-11 19:00:00,56486000.0,58780000.0,55460000.0,57251000.0,558326531810.6038,9729.23304122,1.25649635677289
50,2023-12-12 19:00:00,57250000.0,58580000.0,56500000.0,58474000.0,247854038864.3501,4319.43960407,1.2833377227635845
51,2023-12-13 19:00:00,58474000.0,59924000.0,58002000.0,58620000.0,348803799969.6196,5916.10178479,1.2865420068475102
52,2023-12-14 19:00:00,58620000.0,58973000.0,57632000.0,58006000.0,216355129837.5273,3702.76410838,1.2730664559740135
53,2023-12-15 19:00:00,58006000.0,58562000.0,57574000.0,58300000.0,161611379526.87274,2782.34283401,1.279518918444385
54,2023-12-16 19:00:00,58300000.0,58301000.0,57000000.0,57528000.0,164617704280.82346,2860.23610357,1.2625757176718453
55,2023-12-17 19:00:00,57540000.0,57622000.0,55002000.0,56685000.0,491224467468.22687,8746.72904448,1.2440742691598623
56,2023-12-18 19:00:00,56685000.0,58944000.0,56620000.0,57578000.0,314767389341.74335,5410.95122726,1.2636730752348337
57,2023-12-19 19:00:00,57579000.0,59873000.0,57504000.0,59741000.0,346737283863.3098,5914.61689906,1.3111447634097086
58,2023-12-20 19:00:00,59741000.0,60000000.0,58818000.0,59185000.0,278215170932.7758,4680.41205881,1.2989421473092786
59,2023-12-21 19:00:00,59185000.0,60419000.0,59094000.0,59618000.0,301996860502.16034,5063.82381496,1.3084452638047575
60,2023-12-22 19:00:00,59618000.0,59700000.0,59000000.0,59448000.0,132353560564.35931,2228.4000708,1.304714248090597
61,2023-12-23 19:00:00,59448000.0,59600000.0,58628000.0,58701000.0,191640532447.449,3235.72793191,1.2883197260995516
62,2023-12-24 19:00:00,58701000.0,58893000.0,57464000.0,57852000.0,300848964896.6564,5176.5064251,1.26968659468001
63,2023-12-25 19:00:00,57852000.0,58257000.0,56349000.0,56647000.0,268329125912.81482,4682.71994956,1.2432402774119915
64,2023-12-26 19:00:00,56650000.0,57858000.0,56349000.0,57630000.0,217306715237.02716,3806.31040023,1.264814327100342
65,2023-12-27 19:00:00,57627000.0,58468000.0,56700000.0,56900000.0,243615899651.5057,4240.35727147,1.2487929066807124
66,2023-12-28 19:00:00,56930000.0,57300000.0,56010000.0,56496000.0,234300205128.80588,4133.13004117,1.2399262575717667
67,2023-12-29 19:00:00,56496000.0,57150000.0,56000000.0,56796000.0,146341348621.69397,2591.36631116,1.2465104029496965
68,2023-12-30 19:00:00,56796000.0,57437000.0,56452000.0,57001000.0,119411044114.08025,2098.18345458,1.2510095689579486
69,2023-12-31 19:00:00,57040000.0,57701000.0,56922000.0,57599000.0,140829775271.70288,2459.03689847,1.2641339654112889
70,2024-01-01 19:00:00,57602000.0,60997000.0,57602000.0,60585000.0,525293154968.3653,8761.37405179,1.3296681590729515
71,2024-01-02 19:00:00,60589000.0,60799000.0,54346000.0,57738000.0,918328852864.3844,15819.49263146,1.2671846194363963
72,2024-01-03 19:00:00,57811000.0,59555000.0,57319000.0,59180000.0,363334854548.2298,6232.29657527,1.2988324115529795
73,2024-01-04 19:00:00,59180000.0,60162000.0,57577000.0,58895000.0,318911744778.8815,5398.57928309,1.2925774734439461
74,2024-01-05 19:00:00,58895000.0,59617000.0,58651000.0,59354000.0,162297178531.75732,2745.91201616,1.3026512158721788
75,2024-01-06 19:00:00,59316000.0,59879000.0,59000000.0,59424000.0,169370298063.3239,2845.1319172,1.3041875164603627
76,2024-01-07 19:00:00,59424000.0,62715000.0,57801000.0,62713000.0,565598815777.9613,9431.65828662,1.3763716969537347
77,2024-01-08 19:00:00,62713000.0,63410000.0,61130000.0,62787000.0,558083867150.6318,8898.47307385,1.3779957861469574
78,2024-01-09 19:00:00,62765000.0,64385000.0,59730000.0,62295000.0,646861493019.0364,10509.43486934,1.3671977877271524
79,2024-01-10 19:00:00,62323000.0,66779000.0,60231000.0,63900000.0,1459365421320.7756,22905.97148396,1.4024229654990776
80,2024-01-11 19:00:00,63914000.0,64188000.0,60000000.0,60227000.0,550572748473.3215,8853.88749384,1.3218110789219555
81,2024-01-12 19:00:00,60225000.0,60805000.0,58174000.0,58897000.0,521215895620.92816,8807.95917342,1.2926213677464662
82,2024-01-13 19:00:00,58880000.0,59254000.0,58500000.0,58763000.0,148341276362.92844,2520.65111447,1.2896804494776575
83,2024-01-14 19:00:00,58793000.0,59340000.0,57312000.0,58834000.0,307045954564.4801,5269.79608454,1.2912386972171008
84,2024-01-15 19:00:00,58867000.0,59500000.0,58169000.0,59075000.0,212921616079.53012,3619.84130863,1.2965279606707045
85,2024-01-16 19:00:00,59075000.0,59577000.0,58269000.0,58650000.0,181421223789.5224,3083.02281048,1.2872004213853039
86,2024-01-17 19:00:00,58650000.0,58900000.0,57500000.0,57539000.0,172445297692.90155,2954.47056559,1.2628171363357035
87,2024-01-18 19:00:00,57539000.0,57800000.0,55935000.0,57600000.0,372392598495.67175,6556.47306556,1.2641559125625494
88,2024-01-19 19:00:00,57599000.0,58180000.0,57242000.0,57506000.0,145082869127.01572,2519.36319739,1.2620928803441314
89,2024-01-20 19:00:00,57506000.0,57942000.0,57350000.0,57592000.0,116936023687.8854,2029.79292419,1.2639803353524715
90,2024-01-21 19:00:00,57592000.0,57739000.0,55560000.0,55712000.0,251520401351.85287,4450.18951667,1.2227196909841105
91,2024-01-22 19:00:00,55736000.0,56066000.0,53125000.0,54052000.0,486532416698.70013,8938.47551053,1.186287419892898
92,2024-01-23 19:00:00,54052000.0,55850000.0,53920000.0,54894000.0,226913044354.04297,4123.12250075,1.2047669212536214
93,2024-01-24 19:00:00,54889000.0,55586000.0,54555000.0,55038000.0,159888378745.35248,2900.72647818,1.2079273110350277
94,2024-01-25 19:00:00,55038000.0,58000000.0,54894000.0,57888000.0,279804116236.5384,4957.03485719,1.2704766921253623
95,2024-01-26 19:00:00,57892000.0,58146000.0,57046000.0,57592000.0,141516305808.57217,2454.65827562,1.2639803353524715
96,2024-01-27 19:00:00,57626000.0,58880000.0,57591000.0,57830000.0,160903233607.74374,2759.10818792,1.2692037573522958
97,2024-01-28 19:00:00,57828000.0,59210000.0,57400000.0,58717000.0,190299188612.228,3270.97304796,1.2886708805197087
98,2024-01-29 19:00:00,58720000.0,59750000.0,58653000.0,59301000.0,219683321338.87814,3709.75576223,1.3014880168554124
99,2024-01-30 19:00:00,59345000.0,59863000.0,58221000.0,59523000.0,215003540939.20224,3638.68005187,1.3063602844350806
100,2024-01-31 19:00:00,59523000.0,59700000.0,57804000.0,58852000.0,179080987702.4084,3064.24981511,1.2916337459397773
101,2024-02-01 19:00:00,58852000.0,59531000.0,58551000.0,59140000.0,145517496935.20862,2461.92871341,1.29795452550259
102,2024-02-02 19:00:00,59103000.0,59485000.0,59100000.0,59332000.0,75586297345.96056,1274.29568172,1.3021683785444653
103,2024-02-03 19:00:00,59332000.0,59376000.0,59001000.0,59074000.0,57313988608.07622,968.30988463,1.2965060135194457
104,2024-02-04 19:00:00,59073000.0,59800000.0,58311000.0,58857000.0,164730907768.49484,2789.85915492,1.2917434816960764
105,2024-02-05 19:00:00,58858000.0,59400000.0,58501000.0,59108000.0,136273454553.69676,2313.11989197,1.2972522166622777
106,2024-02-06 19:00:00,59108000.0,59586000.0,58745000.0,59517000.0,176876253906.5551,2995.10294112,1.3062286015275222
107,2024-02-07 19:00:00,59517000.0,61940000.0,59340000.0,61753000.0,301368820172.6359,4956.80951902,1.35530243174436
108,2024-02-08 19:00:00,61772000.0,64955000.0,61717000.0,64394000.0,498338097920.7007,7855.1751701,1.4132648582214034
109,2024-02-09 19:00:00,64471000.0,64599000.0,63062000.0,64007000.0,232065121394.55328,3630.85734165,1.4047713106838737
110,2024-02-10 19:00:00,64007000.0,65500000.0,63985000.0,65220000.0,267871162382.63312,4127.74111269,1.4313932051619704
111,2024-02-11 19:00:00,65231000.0,67444000.0,64887000.0,66742000.0,401083895586.53467,6078.38991926,1.464796769379335
112,2024-02-12 19:00:00,66757000.0,67698000.0,65800000.0,66662000.0,466373740438.28503,6965.39006138,1.4630409972785536
113,2024-02-13 19:00:00,66661000.0,70300000.0,66413000.0,69701000.0,552652061142.3008,8023.35154865,1.529738389956984
114,2024-02-14 19:00:00,69701000.0,72216000.0,69500000.0,71288000.0,565866389742.9148,7942.57912186,1.5645685190062333
115,2024-02-15 19:00:00,71285000.0,72500000.0,70230000.0,71989000.0,400403033030.57666,5591.20222321,1.5799534720393293
116,2024-02-16 19:00:00,71991000.0,72350000.0,69595000.0,70881000.0,428235765821.2329,6024.95766946,1.5556360284435082
117,2024-02-17 19:00:00,70881000.0,71980000.0,70669000.0,71196000.0,246041523546.40265,3447.8004951,1.5625493810903346
118,2024-02-18 19:00:00,71196000.0,72412000.0,71100000.0,71950000.0,276621072934.7983,3840.3976597,1.5790975331401986
119,2024-02-19 19:00:00,71964000.0,73100000.0,71010000.0,71621000.0,373881875171.0189,5198.28484443,1.5718769203757355
120,2024-02-20 19:00:00,71621000.0,72465000.0,71100000.0,71505000.0,261438184999.47183,3639.30730951,1.5693310508296026
121,2024-02-21 19:00:00,71505000.0,72455000.0,71355000.0,71845000.0,231729955772.13217,3222.73099159,1.576793082257923
122,2024-02-22 19:00:00,71842000.0,72194000.0,71157000.0,71308000.0,200729340776.45715,2808.26082852,1.5650074620314283
123,2024-02-23 19:00:00,71308000.0,71467000.0,70542000.0,71067000.0,214111357287.12106,3017.66444509,1.5597181985778246
124,2024-02-24 19:00:00,71070000.0,71595000.0,70907000.0,71084000.0,135255199981.3555,1899.76752185,1.5600913001492407
125,2024-02-25 19:00:00,71085000.0,73402000.0,70000000.0,73272000.0,329539505146.24365,4606.53005778,1.60811166710561
126,2024-02-26 19:00:00,73287000.0,79183000.0,73133000.0,78785000.0,856123463451.8674,11109.94109416,1.7291063120007024
127,2024-02-27 19:00:00,78785000.0,88424000.0,77900000.0,85450000.0,1455113083357.6482,17584.2710278,1.875384075147046
128,2024-02-28 19:00:00,85579000.0,90000000.0,83863000.0,85600000.0,1346097751369.595,15415.60839927,1.8786761478360108
129,2024-02-29 19:00:00,85640000.0,88500000.0,85406000.0,87501000.0,597178473090.3934,6861.25463339,1.9203976823808269
130,2024-03-01 19:00:00,87501000.0,88300000.0,86090000.0,86637000.0,510681064053.5329,5873.99141164,1.9014353436923885
131,2024-03-02 19:00:00,86637000.0,87828000.0,85000000.0,87571000.0,503313958730.4383,5828.27788672,1.9219339829690105
132,2024-03-03 19:00:00,87571000.0,93990000.0,87123000.0,92859000.0,1034333766341.3424,11431.56188572,2.0379905188306555
133,2024-03-04 19:00:00,92859000.0,97000000.0,91200000.0,91773000.0,1727979342134.7734,18267.93790987,2.0141559125625492
134,2024-03-05 19:00:00,91720000.0,94917000.0,88024000.0,94000000.0,1622945020119.1707,17723.52277254,2.063032218418049
135,2024-03-06 19:00:00,94000000.0,95678000.0,92670000.0,94920000.0,566180645765.9167,6025.76233454,2.0832235975770343
136,2024-03-07 19:00:00,94920000.0,98543000.0,94000000.0,96498000.0,796900305689.4933,8340.26455605,2.117856202264946
137,2024-03-08 19:00:00,96433000.0,97388000.0,95120000.0,95390000.0,440585067111.5239,4584.50494987,2.0935387586691245
138,2024-03-09 19:00:00,95390000.0,98445000.0,95223000.0,97830000.0,544118169508.77295,5589.91707786,2.147089807742955
139,2024-03-10 19:00:00,97830000.0,101940000.0,95132000.0,100600000.0,1375692902104.7085,13858.4107861,2.2078834167325083
140,2024-03-11 19:00:00,100503000.0,102350000.0,99000000.0,100770000.0,837611758519.6345,8297.94540032,2.2116144324466687
141,2024-03-12 19:00:00,100785000.0,104865000.0,100001000.0,103967000.0,810379823518.666,7878.34605193,2.281779475024142
142,2024-03-13 19:00:00,103968000.0,105000000.0,100000000.0,100936000.0,986911114344.0782,9566.03774788,2.21525765955579
143,2024-03-14 19:00:00,100936000.0,104131000.0,95600000.0,100762000.0,1757199585347.7712,17720.24815725,2.2114388552365907
144,2024-03-15 19:00:00,100787000.0,102407000.0,98100000.0,99643000.0,710921253488.0715,7109.20778181,2.186879992976912
145,2024-03-16 19:00:00,99643000.0,99891000.0,94300000.0,98810000.0,1144688491922.4421,11845.00240687,2.1685980159775267
146,2024-03-17 19:00:00,98810000.0,100299000.0,97623000.0,99185000.0,661805389734.5549,6666.86366497,2.176828197699939
147,2024-03-18 19:00:00,99058000.0,99925000.0,92027000.0,95366000.0,1234469062062.308,12939.6760824,2.0930120270388906
148,2024-03-19 19:00:00,95366000.0,96008000.0,89845000.0,95938000.0,1124400967709.5183,12103.39805692,2.105565797559477
149,2024-03-20 19:00:00,95790000.0,100216000.0,95193000.0,95407000.0,987041006667.9711,10061.38276261,2.093911860240541
150,2024-03-21 19:00:00,95380000.0,96500000.0,92250000.0,93536000.0,675260407186.1802,7143.18081207,2.0528487402335176
151,2024-03-22 19:00:00,93577000.0,95609000.0,92222000.0,94575000.0,359788950702.2412,3837.76121037,2.075651830392415
152,2024-03-23 19:00:00,94625000.0,95562000.0,93079000.0,95149000.0,315180396081.17804,3342.11256799,2.0882494952155213
153,2024-03-24 19:00:00,95141000.0,100096000.0,94934000.0,99984000.0,685872519908.3969,7034.70305542,2.194363971556492
154,2024-03-25 19:00:00,99982000.0,100800000.0,98550000.0,99923000.0,622915233899.9485,6237.01155279,2.1930251953296467
155,2024-03-26 19:00:00,99969000.0,101900000.0,98700000.0,99019000.0,685812289848.4176,6853.40623963,2.1731849705908175
156,2024-03-27 19:00:00,99019000.0,101725000.0,99000000.0,100716000.0,541480246743.339,5394.46744318,2.210429286278641
157,2024-03-28 19:00:00,100662000.0,101297000.0,99210000.0,99415000.0,441806529762.21014,4409.66415724,2.181876042489685
158,2024-03-29 19:00:00,99562000.0,100317000.0,99360000.0,99953000.0,213463334772.16928,2136.38680475,2.1936836098674397
159,2024-03-30 19:00:00,99953000.0,100850000.0,99860000.0,100319000.0,182545506340.67017,1820.73932448,2.201716267228514
160,2024-03-31 19:00:00,100319000.0,101133000.0,98658000.0,99627000.0,476701904959.4601,4775.70591194,2.1865288385567556
161,2024-04-01 19:00:00,99640000.0,100352000.0,95000000.0,96336000.0,778908917633.8805,8026.19299714,2.1143007637608644
162,2024-04-02 19:00:00,96336000.0,97300000.0,94682000.0,96385000.0,423682453233.95,4401.01556927,2.115376174172593
163,2024-04-03 19:00:00,96385000.0,99888000.0,95598000.0,99177000.0,368811938070.1663,3798.23073292,2.176652620489861
164,2024-04-04 19:00:00,99106000.0,99912000.0,96800000.0,98000000.0,420541714488.09875,4276.22334288,2.150820823457116
165,2024-04-05 19:00:00,98040000.0,98750000.0,97745000.0,98676000.0,150368780084.0057,1530.98813133,2.165657097708718
166,2024-04-06 19:00:00,98573000.0,100450000.0,98400000.0,99706000.0,243529146138.96927,2446.49277402,2.1882626635062774
167,2024-04-07 19:00:00,99684000.0,103084000.0,99100000.0,102246000.0,555487933936.135,5476.28005802,2.2440084277060843
168,2024-04-08 19:00:00,102199000.0,102399000.0,98400000.0,99019000.0,478403911123.09265,4762.010643,2.173184970590818
169,2024-04-09 19:00:00,99018000.0,100270000.0,97614000.0,99378000.0,386791490152.4988,3909.51728716,2.1810639978930744
170,2024-04-10 19:00:00,99378000.0,101750000.0,99365000.0,100558000.0,360539616563.9229,3580.33133137,2.206961636379599
171,2024-04-11 19:00:00,100507000.0,101426000.0,98985000.0,99811000.0,384822087013.7558,3834.29637796,2.1905671143885534
172,2024-04-12 19:00:00,99811000.0,100569000.0,96366000.0,99917000.0,611659332631.665,6182.57081859,2.1928935124220885
173,2024-04-13 19:00:00,99917000.0,100000000.0,95000000.0,96884000.0,995899735169.9248,10262.67808403,2.126327802651217
174,2024-04-14 19:00:00,96885000.0,99490000.0,96000000.0,96006000.0,574251651061.2509,5859.80695364,2.107058203845142
175,2024-04-15 19:00:00,96006000.0,97192000.0,93500000.0,94879000.0,635180456028.1661,6675.58501038,2.0823237643753854
176,2024-04-16 19:00:00,94876000.0,96500000.0,90200000.0,91826000.0,630008792862.3523,6763.33869034,2.015319111579318
177,2024-04-17 19:00:00,91826000.0,94200000.0,90000000.0,93152000.0,566652439732.7778,6166.77848706,2.0444210341497686
178,2024-04-18 19:00:00,93152000.0,95958000.0,88500000.0,93731000.0,814882464262.3688,8809.73829728,2.057128434729173
179,2024-04-19 19:00:00,93731000.0,95600000.0,92330000.0,94744000.0,273437129048.59274,2912.20339572,2.0793608989553163
180,2024-04-20 19:00:00,94744000.0,95989000.0,94302000.0,94651000.0,243330206644.83664,2560.3557446,2.077319813888158
181,2024-04-21 19:00:00,94653000.0,96758000.0,94412000.0,96270000.0,269681465781.52014,2816.42934301,2.1128522517777197
182,2024-04-22 19:00:00,96270000.0,97627000.0,95246000.0,96700000.0,336588938894.3867,3492.59598684,2.1222895268194195
183,2024-04-23 19:00:00,96700000.0,96700000.0,93200000.0,93240000.0,297549771709.1135,3125.04290208,2.0463523834606274
184,2024-04-24 19:00:00,93230000.0,94319000.0,91213000.0,92974000.0,379653140028.197,4096.17395966,2.0405144412255294
185,2024-04-25 19:00:00,92957000.0,94000000.0,91465000.0,92038000.0,208335690810.50836,2253.59796945,2.019971907646388
186,2024-04-26 19:00:00,92037000.0,92211000.0,90292000.0,91099000.0,221170604138.0064,2430.74447248,1.999363532613467
187,2024-04-27 19:00:00,91046000.0,92630000.0,90839000.0,91440000.0,149702752015.42288,1635.52454251,2.0068475111930475
188,2024-04-28 19:00:00,91385000.0,91442000.0,88500000.0,89991000.0,392603216646.0583,4384.90471375,1.9750460890176458
189,2024-04-29 19:00:00,89976000.0,92540000.0,86486000.0,86778000.0,591656159419.5587,6651.65852957,1.904529892020016
190,2024-04-30 19:00:00,86887000.0,87980000.0,80005000.0,83896000.0,1226138493683.5532,14748.87901506,1.841278202089369
191,2024-05-01 19:00:00,83895000.0,84486000.0,80601000.0,83832000.0,550725059278.8035,6683.59321445,1.839873584408744
192,2024-05-02 19:00:00,83749000.0,88089000.0,82807000.0,87276000.0,592507228835.8297,6946.09463505,1.9154595733473798
193,2024-05-03 19:00:00,87226000.0,91123000.0,87000000.0,90219000.0,508449057261.3403,5687.86835193,1.9800500395048726
194,2024-05-04 19:00:00,90219000.0,90759000.0,88331000.0,90054000.0,233195725525.81604,2598.55885656,1.9764287595470111
195,2024-05-05 19:00:00,90054000.0,91681000.0,88500000.0,89250000.0,346250297407.7857,3840.66354423,1.9587832499341589
196,2024-05-06 19:00:00,89264000.0,90157000.0,88365000.0,88939000.0,219959147411.38843,2462.6516871,1.9519576858923715
197,2024-05-07 19:00:00,88979000.0,89126000.0,86500000.0,87661000.0,308141068098.95935,3514.05438321,1.9239092265823898
198,2024-05-08 19:00:00,87660000.0,87743000.0,85020000.0,86747000.0,306478122083.2493,3560.76241248,1.9038495303309633
199,2024-05-09 19:00:00,86747000.0,88500000.0,85120000.0,85800000.0,311132683428.7197,3573.32023867,1.8830655780879644
200,2024-05-10 19:00:00,85800000.0,86500000.0,85209000.0,86150000.0,132056158823.6421,1539.53938638,1.8907470810288824
201,2024-05-11 19:00:00,86150000.0,86978000.0,85618000.0,86677000.0,83007825432.99431,963.57913366,1.9023132297427796
202,2024-05-12 19:00:00,86580000.0,88485000.0,85410000.0,87810000.0,269372673947.2923,3090.13173334,1.927179352120095
203,2024-05-13 19:00:00,87747000.0,88225000.0,85801000.0,86126000.0,236180711976.75998,2719.33042952,1.8902203493986482
204,2024-05-14 19:00:00,86126000.0,91663000.0,86001000.0,91604000.0,398454440588.27405,4466.92159067,2.010446843999649
205,2024-05-15 19:00:00,91604000.0,92860000.0,90250000.0,90682000.0,401250036270.5697,4378.48573728,1.9902115705381442
206,2024-05-16 19:00:00,90682000.0,93123000.0,90450000.0,92540000.0,250701272086.3621,2731.88591908,2.0309893775787904
207,2024-05-17 19:00:00,92540000.0,93500000.0,92048000.0,92896000.0,185362747680.16745,1996.03771821,2.0388025634272675
208,2024-05-18 19:00:00,92895000.0,93990000.0,92183000.0,92559000.0,193013398996.31638,2074.0550397,2.031406373452726
209,2024-05-19 19:00:00,92554000.0,94899000.0,91843000.0,94890000.0,238492085528.4061,2566.12594702,2.0825651830392418
210,2024-05-20 19:00:00,94887000.0,98150000.0,94515000.0,96182000.0,608998810557.4854,6297.38109489,2.11092090246686
211,2024-05-21 19:00:00,96182000.0,97020000.0,94640000.0,96056000.0,286008805360.4058,2978.21904557,2.1081555614081293
212,2024-05-22 19:00:00,96056000.0,96881000.0,93100000.0,93602000.0,332919569760.057,3495.05405289,2.0542972522166623
213,2024-05-23 19:00:00,93602000.0,96160000.0,93000000.0,95710000.0,329300983807.5704,3487.41273968,2.10056184707225
214,2024-05-24 19:00:00,95710000.0,96598000.0,95192000.0,96277000.0,153559782821.03668,1601.21900317,2.113005881836538
215,2024-05-25 19:00:00,96270000.0,96590000.0,95816000.0,96154000.0,134151023499.38765,1394.9116457,2.1103063822315864
216,2024-05-26 19:00:00,96180000.0,97360000.0,95050000.0,96442000.0,253221927945.7849,2637.03135334,2.116627161794399
217,2024-05-27 19:00:00,96419000.0,96690000.0,93654000.0,94449000.0,310688276444.02045,3278.1365324,2.0728864893336842
218,2024-05-28 19:00:00,94500000.0,95232000.0,93440000.0,93592000.0,234884956095.8103,2490.42316926,2.0540777807040644
219,2024-05-29 19:00:00,93592000.0,96120000.0,93443000.0,95965000.0,250972734806.6707,2653.9448103,2.1061583706434903
220,2024-05-30 19:00:00,95936000.0,96000000.0,93700000.0,94405000.0,218138002820.2216,2297.79039172,2.0719208146782546
221,2024-05-31 19:00:00,94405000.0,94920000.0,94200000.0,94745000.0,66679130627.87928,704.72189819,2.0793828461065753
222,2024-06-01 19:00:00,94799000.0,95626000.0,94500000.0,95118000.0,102468815684.55219,1078.45643151,2.087569133526468
223,2024-06-02 19:00:00,95118000.0,97358000.0,94667000.0,96472000.0,255535691435.81488,2657.51372002,2.1172855763321916
224,2024-06-03 19:00:00,96472000.0,97927000.0,95520000.0,97564000.0,246619102273.6651,2552.5219253,2.1412518655078565
225,2024-06-04 19:00:00,97570000.0,98989000.0,97049000.0,98386000.0,280657160214.91144,2861.25284864,2.1592924238433846
226,2024-06-05 19:00:00,98387000.0,99400000.0,98100000.0,98771000.0,205871023118.4162,2087.58697339,2.167742077078395
227,2024-06-06 19:00:00,98771000.0,99650000.0,97490000.0,97537000.0,319366226909.28723,3238.68353449,2.140659292423843
228,2024-06-07 19:00:00,97579000.0,98180000.0,97219000.0,98056000.0,137279149108.07104,1402.57339976,2.1520498639276613
229,2024-06-08 19:00:00,98056000.0,98400000.0,97710000.0,98208000.0,91995681130.83328,938.64884403,2.155385830919146
230,2024-06-09 19:00:00,98208000.0,98300000.0,96980000.0,97658000.0,141537761384.00107,1452.18222884,2.1433148977262744
231,2024-06-10 19:00:00,97658000.0,97658000.0,93821000.0,94838000.0,350380650828.1342,3683.31550377,2.081423931173733
232,2024-06-11 19:00:00,94838000.0,98204000.0,94502000.0,96521000.0,299345623221.20996,3103.87913618,2.11836098674392
233,2024-06-12 19:00:00,96498000.0,97170000.0,94107000.0,94773000.0,248097612112.71655,2600.94824048,2.079997366341848
234,2024-06-13 19:00:00,94773000.0,95202000.0,93001000.0,93403000.0,200126728065.79883,2121.88285007,2.049929769115968
235,2024-06-14 19:00:00,93403000.0,94743000.0,93184000.0,93798000.0,101677638924.36026,1082.83093141,2.058598893863576
236,2024-06-15 19:00:00,93798000.0,94597000.0,93546000.0,94305000.0,78148361892.75192,830.84712405,2.0697260995522777
237,2024-06-16 19:00:00,94374000.0,94708000.0,91559000.0,94080000.0,294524059553.54346,3171.53037125,2.0647879905188304
238,2024-06-17 19:00:00,94080000.0,94140000.0,91000000.0,91365000.0,266092130976.73203,2889.23044826,2.0052014748485645
239,2024-06-18 19:00:00,91365000.0,92727000.0,90638000.0,91643000.0,185062907451.62512,2015.33353837,2.0113027828987797
240,2024-06-19 19:00:00,91619000.0,93581000.0,91336000.0,91965000.0,186800172956.52393,2024.07295905,2.018369765604424
241,2024-06-20 19:00:00,91948000.0,92199000.0,89501000.0,90560000.0,244850784695.29495,2704.51046463,1.9875340180844523
242,2024-06-21 19:00:00,90568000.0,91086000.0,90075000.0,90915000.0,68767263881.76973,758.06687645,1.9953252567816693
243,2024-06-22 19:00:00,90959000.0,91382000.0,90313000.0,90673000.0,52654488896.77828,579.63271984,1.9900140461768059
244,2024-06-23 19:00:00,90672000.0,90766000.0,84649000.0,85301000.0,541184595009.632,6199.8994172,1.8721139496093402
245,2024-06-24 19:00:00,85300000.0,87720000.0,83101000.0,87671000.0,405057571604.47284,4727.1029104,1.924128698094987
246,2024-06-25 19:00:00,87672000.0,88356000.0,86114000.0,86240000.0,176958609950.89508,2030.65141207,1.8927223246422613
247,2024-06-26 19:00:00,86202000.0,87957000.0,85396000.0,87198000.0,173783837081.12088,2010.80060376,1.9137476955491177
248,2024-06-27 19:00:00,87172000.0,87510000.0,85456000.0,85720000.0,155925198066.1899,1804.41511776,1.881309805987183
249,2024-06-28 19:00:00,85698000.0,86000000.0,84740000.0,85883000.0,100667746507.81627,1178.99527249,1.8848871916425247
250,2024-06-29 19:00:00,85882000.0,86889000.0,85370000.0,86581000.0,82096823918.4049,952.30696417,1.9002063032218417
251,2024-06-30 19:00:00,86623000.0,89644000.0,86572000.0,89326000.0,218310747214.6895,2468.31711522,1.9604512334299007
252,2024-07-01 19:00:00,89345000.0,89373000.0,86987000.0,87568000.0,134732740108.8363,1530.79549637,1.9218681415152312
253,2024-07-02 19:00:00,87568000.0,87625000.0,84576000.0,85401000.0,224767817655.08228,2620.15901205,1.8743086647353173
254,2024-07-03 19:00:00,85400000.0,85644000.0,81207000.0,83190000.0,483666944966.0082,5838.29792644,1.8257835132999736
255,2024-07-04 19:00:00,83190000.0,84064000.0,77335000.0,80628000.0,801362880732.2914,10072.2959753,1.7695549117724518
256,2024-07-05 19:00:00,80628000.0,82980000.0,79938000.0,82318000.0,210544704237.02283,2594.61452282,1.806645597401457
257,2024-07-06 19:00:00,82319000.0,83202000.0,80500000.0,81287000.0,190165976595.27588,2324.13408419,1.7840180844526379
258,2024-07-07 19:00:00,81287000.0,82700000.0,77880000.0,80000000.0,435512976945.4721,5445.07602584,1.7557721007813185
259,2024-07-08 19:00:00,80000000.0,82300000.0,79780000.0,81811000.0,208755987608.8399,2571.76678777,1.7955183917127557
260,2024-07-09 19:00:00,81886000.0,83825000.0,81351000.0,81759000.0,239200481066.2008,2897.96883055,1.794377139847248
261,2024-07-10 19:00:00,81673000.0,83795000.0,81000000.0,81737000.0,236790165933.49265,2881.59662547,1.793894302519533
262,2024-07-11 19:00:00,81702000.0,82309000.0,80085000.0,82052000.0,169644699927.88095,2092.77014834,1.8008076551663594
263,2024-07-12 19:00:00,82094000.0,82730000.0,80700000.0,82389000.0,113201225389.98982,1381.71643542,1.8082038451409006
264,2024-07-13 19:00:00,82352000.0,84901000.0,81938000.0,84308000.0,236928191008.53375,2825.98220075,1.8503204284083925
265,2024-07-14 19:00:00,84224000.0,89357000.0,84166000.0,89089000.0,422260589337.4125,4835.19126554,1.9552497585813362
266,2024-07-15 19:00:00,89089000.0,91544000.0,87300000.0,90560000.0,602759504434.8257,6730.14255786,1.9875340180844525
267,2024-07-16 19:00:00,90540000.0,92159000.0,89500000.0,90304000.0,357795472887.10114,3932.5202128700003,1.9819155473619523
268,2024-07-17 19:00:00,90250000.0,91200000.0,89049000.0,89430000.0,243373836139.71042,2702.36871684,1.9627337371609164
269,2024-07-18 19:00:00,89430000.0,93291000.0,88675000.0,93279000.0,322026570068.983,3543.41115162,2.0472083223597575
270,2024-07-19 19:00:00,93279000.0,94582000.0,92736000.0,94430000.0,239250161976.96106,2559.4098373,2.072469493459749
271,2024-07-20 19:00:00,94430000.0,94624000.0,92413000.0,93817000.0,225219167064.5447,2397.74764892,2.059015889737512
272,2024-07-21 19:00:00,93817000.0,95353000.0,93050000.0,94250000.0,317075360408.3915,3358.25556031,2.0685190062329912
273,2024-07-22 19:00:00,94250000.0,95000000.0,92377000.0,92520000.0,298088674984.9885,3187.04928352,2.030550434553595
274,2024-07-23 19:00:00,92520000.0,93494000.0,91205000.0,92000000.0,274454079179.34302,2971.56746548,2.0191379158985168
275,2024-07-24 19:00:00,92000000.0,92443000.0,89202000.0,90743000.0,373943149404.1727,4136.52690095,1.9915503467649902
276,2024-07-25 19:00:00,90762000.0,94990000.0,90501000.0,94349000.0,331555025893.44946,3542.12174545,2.0706917742077082
277,2024-07-26 19:00:00,94349000.0,96813000.0,94200000.0,95942000.0,297964894898.26056,3122.21428631,2.1056535861645163
278,2024-07-27 19:00:00,95942000.0,96288000.0,93150000.0,95200000.0,382132111539.1619,4035.41814003,2.0893687999297694
279,2024-07-28 19:00:00,95157000.0,97100000.0,93203000.0,94384000.0,425788556903.13464,4448.54012195,2.0714599245018
280,2024-07-29 19:00:00,94369000.0,94672000.0,92015000.0,92196000.0,285813424627.4896,3065.70510179,2.023439557545431
281,2024-07-30 19:00:00,92121000.0,93298000.0,91682000.0,92986000.0,197806194620.2005,2137.55691075,2.0407778070406466
282,2024-07-31 19:00:00,92986000.0,93101000.0,88001000.0,88779000.0,493491867619.92194,5480.49441133,1.948446141690809
283,2024-08-01 19:00:00,88751000.0,92300000.0,88320000.0,88710000.0,381624110142.42224,4227.94542419,1.946931788253885
284,2024-08-02 19:00:00,88737000.0,89170000.0,85158000.0,85160000.0,451818648436.088,5204.55233928,1.869019401281714
285,2024-08-03 19:00:00,85181000.0,86311000.0,81756000.0,83292000.0,342435449773.2804,4057.47317498,1.8280221227284703
286,2024-08-04 19:00:00,83292000.0,84333000.0,72100000.0,76349000.0,1792013557741.0686,23357.87491417,1.6756430515319116
287,2024-08-05 19:00:00,76349000.0,82150000.0,75777000.0,80687000.0,702240222867.1626,8799.38532052,1.7708497936967786
288,2024-08-06 19:00:00,80687000.0,81950000.0,78260000.0,78410000.0,374916153716.5074,4651.46386909,1.7208761302782905
289,2024-08-07 19:00:00,78411000.0,84071000.0,77782000.0,83332000.0,516180483839.5426,6385.70471888,1.828900008778861
290,2024-08-08 19:00:00,83332000.0,87980000.0,83236000.0,84889000.0,477955551964.8438,5582.63056906,1.8630717232903173
291,2024-08-09 19:00:00,84850000.0,86370000.0,84512000.0,85650000.0,143874895597.5444,1684.54938034,1.8797735053989997
292,2024-08-10 19:00:00,85650000.0,86424000.0,84150000.0,84657000.0,156846770064.884,1839.4616291,1.8579799841980515
293,2024-08-11 19:00:00,84657000.0,85000000.0,81000000.0,82222000.0,469703396401.9406,5664.58017073,1.8045386708805202
294,2024-08-12 19:00:00,82223000.0,85770000.0,82050000.0,84782000.0,242015219506.48083,2898.63508466,1.8607233781055224
295,2024-08-13 19:00:00,84725000.0,85950000.0,82483000.0,82732000.0,311977717635.56055,3703.56305615,1.815731718023001
296,2024-08-14 19:00:00,82732000.0,83555000.0,81048000.0,81437000.0,254627287307.08643,3093.29119338,1.7873101571416035
297,2024-08-15 19:00:00,81436000.0,83040000.0,79500000.0,82912000.0,286840269943.50336,3534.62756845,1.8196822052497592
298,2024-08-16 19:00:00,82911000.0,83400000.0,82042000.0,82766000.0,95527676124.57948,1156.01419021,1.8164779211658333
299,2024-08-17 19:00:00,82766000.0,83679000.0,82500000.0,82920000.0,109643950727.48267,1318.90859427,1.8198577824598372
300,2024-08-18 19:00:00,82920000.0,83197000.0,80100000.0,81078000.0,232289328060.08118,2862.09245122,1.7794311298393473
301,2024-08-19 19:00:00,81149000.0,83400000.0,80501000.0,80966000.0,270302204242.66342,3292.32151624,1.7769730488982536
302,2024-08-20 19:00:00,80913000.0,82430000.0,80567000.0,82403000.0,179513239651.35983,2210.52543258,1.808511105258538
303,2024-08-21 19:00:00,82390000.0,83600000.0,81280000.0,81962000.0,242203449191.37662,2932.66204474,1.798832411552981
304,2024-08-22 19:00:00,81955000.0,84984000.0,81871000.0,84690000.0,267133115630.62894,3213.12404525,1.858704240189624
305,2024-08-23 19:00:00,84672000.0,86500000.0,84540000.0,85742000.0,294293241681.6922,3432.96209127,1.8817926433148984
306,2024-08-24 19:00:00,85742000.0,86199000.0,85300000.0,85990000.0,121781007413.56908,1421.13746154,1.8872355368273204
307,2024-08-25 19:00:00,85929000.0,86979000.0,84697000.0,85510000.0,208751062784.21835,2439.28147013,1.8767009042226326
308,2024-08-26 19:00:00,85462000.0,85528000.0,83020000.0,83755000.0,190674256786.82153,2266.71248312,1.8381836537617424
309,2024-08-27 19:00:00,83764000.0,83879000.0,79550000.0,81200000.0,454734082401.62836,5616.74026272,1.7821086822930392
310,2024-08-28 19:00:00,81191000.0,82700000.0,80127000.0,80671000.0,203401022733.142,2503.64034259,1.7704986392766227
311,2024-08-29 19:00:00,80623000.0,81250000.0,79225000.0,80698000.0,248095456135.86197,3089.30239803,1.7710912123606364
312,2024-08-30 19:00:00,80698000.0,80823000.0,80000000.0,80144000.0,77437235520.96323,962.84726787,1.7589324905627257
313,2024-08-31 19:00:00,80224000.0,80399000.0,78800000.0,79843000.0,159055099399.598,2002.39228878,1.752326398033536
314,2024-09-01 19:00:00,79843000.0,80089000.0,78235000.0,79471000.0,189532330654.58063,2400.41189778,1.7441620577649029
315,2024-09-02 19:00:00,79497000.0,81101000.0,78557000.0,78960000.0,205302566472.9922,2571.396041,1.7329470634711621
316,2024-09-03 19:00:00,78868000.0,79300000.0,76248000.0,78143000.0,310553210268.8199,4007.71532553,1.715016240891933
317,2024-09-04 19:00:00,78182000.0,79190000.0,76135000.0,76796000.0,212976291309.078,2752.12243344,1.6854534281450275
318,2024-09-05 19:00:00,76796000.0,76860000.0,72886000.0,72886000.0,413119383545.45166,5499.58262518,1.5996400667193407
319,2024-09-06 19:00:00,72886000.0,74580000.0,72200000.0,73850000.0,193567013142.6668,2633.9736966,1.6207971205337555
320,2024-09-07 19:00:00,73867000.0,74180000.0,72992000.0,73836000.0,101794948558.08401,1382.31649323,1.6204898604161189
321,2024-09-08 19:00:00,73836000.0,76800000.0,73478000.0,76501000.0,199157314682.97403,2655.16679511,1.6789790185233966
322,2024-09-09 19:00:00,76501000.0,78500000.0,76432000.0,77938000.0,212380883259.56012,2745.73710487,1.7105170748836809
323,2024-09-10 19:00:00,77938000.0,78485000.0,75380000.0,77584000.0,243493386252.6535,3167.73234012,1.7027477833377234
324,2024-09-11 19:00:00,77584000.0,78830000.0,77120000.0,78364000.0,197390755311.85165,2527.51532736,1.7198665613203412
325,2024-09-12 19:00:00,78398000.0,80600000.0,77700000.0,80126000.0,191009093861.78937,2424.0008047,1.7585374418400497
326,2024-09-13 19:00:00,80127000.0,81174000.0,80009000.0,80341000.0,149705504416.60022,1855.83036091,1.7632560793608993
327,2024-09-14 19:00:00,80341000.0,81009000.0,80283000.0,80766000.0,73014682351.311,904.80836746,1.7725836186463002
328,2024-09-15 19:00:00,80700000.0,80926000.0,77740000.0,78176000.0,216210157135.90335,2739.62241393,1.715740496883505
329,2024-09-16 19:00:00,78176000.0,82364000.0,77774000.0,81234000.0,224696100720.08994,2802.04627446,1.782854885435871
330,2024-09-17 19:00:00,81292000.0,82259000.0,80008000.0,81402000.0,236267530748.11823,2919.02639247,1.786542006847512
331,2024-09-18 19:00:00,81402000.0,85000000.0,80034000.0,84900000.0,404919068427.26013,4867.74474519,1.863313141954175
332,2024-09-19 19:00:00,84883000.0,85478000.0,83342000.0,84234000.0,304673477071.8462,3608.966952,1.8486963392151705
333,2024-09-20 19:00:00,84198000.0,84750000.0,83729000.0,84459000.0,96952479983.57481,1149.6391622,1.853634448248618
334,2024-09-21 19:00:00,84459000.0,84600000.0,83401000.0,84208000.0,107776556900.6779,1283.22677934,1.8481257132824167
335,2024-09-22 19:00:00,84206000.0,86250000.0,83635000.0,84842000.0,270605474717.32007,3179.9048362,1.8620402071811086
336,2024-09-23 19:00:00,84842000.0,85334000.0,84009000.0,84930000.0,149744816049.5362,1769.40326799,1.863971556491968
337,2024-09-24 19:00:00,84917000.0,85950000.0,84300000.0,84652000.0,173048093397.74332,2032.05612357,1.857870248441753
338,2024-09-25 19:00:00,84652000.0,86602000.0,83800000.0,86066000.0,233956849498.89676,2743.46673544,1.8889035203230629
339,2024-09-26 19:00:00,86066000.0,87410000.0,85325000.0,87001000.0,227070464825.92978,2622.84464683,1.9094241067509443
340,2024-09-27 19:00:00,87001000.0,87250000.0,86003000.0,86259000.0,131856293136.69096,1520.18013846,1.8931393205161977
341,2024-09-28 19:00:00,86259000.0,86891000.0,86052000.0,86267000.0,86115450214.63458,995.62258214,1.893314897726276
342,2024-09-29 19:00:00,86281000.0,86500000.0,83061000.0,83590000.0,270776560016.96826,3206.69624578,1.834562373803881
343,2024-09-30 19:00:00,83639000.0,84884000.0,82001000.0,82855000.0,254120065907.8853,3043.76431365,1.8184312176279527
344,2024-10-01 19:00:00,82855000.0,83300000.0,80844000.0,81662000.0,288255823781.80066,3522.31537034,1.7922482661750514
345,2024-10-02 19:00:00,81682000.0,82700000.0,80940000.0,82229000.0,185441426906.89252,2263.36014195,1.8046923009393387
346,2024-10-03 19:00:00,82228000.0,84300000.0,82038000.0,84130000.0,177141363692.2248,2134.25473869,1.8464138354841546
347,2024-10-04 19:00:00,84154000.0,84300000.0,83522000.0,83758000.0,76936866225.7555,916.31237098,1.8382494952155215
348,2024-10-05 19:00:00,83758000.0,84698000.0,83511000.0,84500000.0,74962497957.88783,892.08503904,1.854534281450268
349,2024-10-06 19:00:00,84500000.0,86301000.0,84103000.0,84607000.0,221336525253.79324,2597.75979608,1.856882626635063
350,2024-10-07 19:00:00,84600000.0,85335000.0,83848000.0,84244000.0,141719472038.3084,1678.1798636,1.848915810727768
351,2024-10-08 19:00:00,84268000.0,84550000.0,83023000.0,83042000.0,103422212313.00705,1231.42475938,1.8225353349135285
352,2024-10-09 19:00:00,83025000.0,83150000.0,80635000.0,81292000.0,202895022160.09753,2465.93721637,1.7841278202089372
353,2024-10-10 19:00:00,81281000.0,84998000.0,81030000.0,84998000.0,170600293757.7844,2056.57748818,1.865463962777632
354,2024-10-11 19:00:00,84995000.0,85474000.0,84101000.0,84760000.0,143374956603.80515,1690.69207012,1.8602405407778075
355,2024-10-12 19:00:00,84760000.0,85181000.0,83890000.0,84580000.0,86987827810.3433,1027.91916272,1.8562900535510496
356,2024-10-13 19:00:00,84580000.0,88811000.0,84225000.0,88185000.0,362437833384.6284,4169.78180687,1.935409533842508
357,2024-10-14 19:00:00,88185000.0,91531000.0,87510000.0,90449000.0,460870565556.849,5167.8058269,1.9850978842946192
358,2024-10-15 19:00:00,90447000.0,92350000.0,89600000.0,91827000.0,328125923516.13275,3597.49997143,2.0153410587305776
359,2024-10-16 19:00:00,91879000.0,92000000.0,91150000.0,91496000.0,202975295025.74127,2216.11490604,2.0080765516635948
360,2024-10-17 19:00:00,91471000.0,93697000.0,91303000.0,93578000.0,245044223870.00183,2646.05774184,2.0537705205864287
361,2024-10-18 19:00:00,93578000.0,93687000.0,92769000.0,92973000.0,129393810171.52548,1387.83572025,2.04049249407427
362,2024-10-19 19:00:00,93028000.0,93881000.0,92953000.0,93446000.0,124712059369.08023,1335.14466432,2.0508734966201394
363,2024-10-20 19:00:00,93446000.0,94456000.0,91459000.0,92280000.0,343337519800.7627,3684.72604144,2.025283118251252
364,2024-10-21 19:00:00,92280000.0,93103000.0,91090000.0,92578000.0,224581186629.55328,2433.24925648,2.0318233693266623
365,2024-10-22 19:00:00,92586000.0,93380000.0,90860000.0,91761000.0,201762954925.54556,2189.67600212,2.013892546747433
366,2024-10-23 19:00:00,91737000.0,93803000.0,91482000.0,93696000.0,199023197475.47037,2140.12686179,2.056360284435081
367,2024-10-24 19:00:00,93696000.0,95143000.0,92726000.0,93608000.0,294608881850.4925,3128.67281667,2.0544289351242218
368,2024-10-25 19:00:00,93600000.0,94300000.0,92432000.0,93951000.0,187535617557.14197,2003.90581677,2.0619568080063218
369,2024-10-26 19:00:00,93964000.0,94802000.0,93900000.0,94497000.0,107037796713.81216,1135.03859796,2.073939952594154
370,2024-10-27 19:00:00,94497000.0,96543000.0,94439000.0,96543000.0,280932663557.1891,2941.71179258,2.1188438240716363
371,2024-10-28 19:00:00,96543000.0,101649000.0,96469000.0,101639000.0,553560815700.0002,5589.44331642,2.230686506891406
372,2024-10-29 19:00:00,101648000.0,102158000.0,99135000.0,100013000.0,403132678704.51013,4013.23260457,2.1950004389430258
373,2024-10-30 19:00:00,100013000.0,101000000.0,98231000.0,98687000.0,319197726877.69696,3199.78177545,2.1658985163725752
374,2024-10-31 19:00:00,98687000.0,99758000.0,95520000.0,96727000.0,526801434839.3552,5402.56409373,2.122882099903433
375,2024-11-01 19:00:00,96727000.0,97999000.0,96350000.0,97500000.0,151859548366.23782,1559.93598929,2.1398472478272326
376,2024-11-02 19:00:00,97473000.0,97688000.0,93905000.0,95233000.0,371868629489.4722,3894.0628767,2.090093055921342
377,2024-11-03 19:00:00,95212000.0,97167000.0,93880000.0,94296000.0,304425021361.33795,3183.78599119,2.069528575190941
378,2024-11-04 19:00:00,94296000.0,98074000.0,93083000.0,97650000.0,478796912742.3676,5001.2687319,2.143139320516198
379,2024-11-05 19:00:00,97649000.0,103824000.0,95503000.0,103199000.0,1666847986505.1477,16479.08058699,2.2649240628566427
380,2024-11-06 19:00:00,103198000.0,104885000.0,102290000.0,104874000.0,635705870567.908,6133.3027722,2.301685541216752
381,2024-11-07 19:00:00,104872000.0,107050000.0,103546000.0,107046000.0,529528700079.43677,5034.46804128,2.349354753752965
382,2024-11-08 19:00:00,107046000.0,107591000.0,105873000.0,106427000.0,347189709708.6001,3256.7448885,2.3357694671231695
383,2024-11-09 19:00:00,106432000.0,111150000.0,106021000.0,110251000.0,777143595706.4874,7113.79028728,2.4196953735405167
384,2024-11-10 19:00:00,110253000.0,119490000.0,108715000.0,119490000.0,1069351999495.0396,9379.52177408,2.6224651040294993
385,2024-11-11 19:00:00,119488000.0,128010000.0,118864000.0,126000000.0,2434281942176.447,19688.42645545,2.765341058730579
386,2024-11-12 19:00:00,125926000.0,131041000.0,122771000.0,130553000.0,1337374797322.3982,10575.79449339,2.865266438416296
387,2024-11-13 19:00:00,130496000.0,130615000.0,125435000.0,126556000.0,1114308017113.838,8694.56121214,2.777543674831009
388,2024-11-14 19:00:00,126582000.0,128214000.0,121674000.0,126751000.0,924728595561.9858,7383.63161421,2.7818233693266636
389,2024-11-15 19:00:00,126751000.0,129103000.0,126090000.0,127210000.0,586256412913.468,4583.73835395,2.7918971117548965
390,2024-11-16 19:00:00,127260000.0,128000000.0,125252000.0,126484000.0,413992228433.16205,3259.24983219,2.775963479940306
391,2024-11-17 19:00:00,126469000.0,128895000.0,125328000.0,126886000.0,622353679441.3488,4885.25417097,2.7847862347467323
392,2024-11-18 19:00:00,126824000.0,130730000.0,126300000.0,130607000.0,624080469756.0823,4855.11714066,2.8664515845843233
393,2024-11-19 19:00:00,130600000.0,132846000.0,128448000.0,132205000.0,787811389497.847,6024.79572553,2.90152313229743
394,2024-11-20 19:00:00,132205000.0,138707000.0,131903000.0,136944000.0,1398925084921.3108,10285.14198679,3.0055306821174637
395,2024-11-21 19:00:00,136944000.0,138770000.0,129500000.0,137998000.0,1218960132667.6829,8927.39680551,3.0286629795452575
396,2024-11-22 19:00:00,137998000.0,138500000.0,134195000.0,135974000.0,712848570720.3679,5233.42896783,2.9842419453954903
397,2024-11-23 19:00:00,135974000.0,136820000.0,131501000.0,133324000.0,784592474394.0052,5834.96611125,2.926081994557109
398,2024-11-24 19:00:00,133323000.0,137000000.0,132180000.0,132723000.0,586553481365.8184,4354.49293652,2.9128917566499894
399,2024-11-25 19:00:00,132702000.0,133093000.0,127416000.0,129160000.0,1062577232096.916,8166.3276085,2.834694056711441
400,2024-11-26 19:00:00,129160000.0,129831000.0,129080000.0,129649000.0,2688701120.05817,20.76019279,2.8454262136774666
