,time_utc,open,high,low,close,volume_krw,volume_market,price_change,gain,loss,avg_gain,avg_loss,rs,rsi,signal,position,highest_price,exit_price,strategy_returns,strategy_returns2,cumulative_returns,cumulative_returns2,benchmark_returns
0,2023-10-01,36805000.0,37817000.0,36742000.0,37789000.0,40197287482.54927,1072.43906114,,0.0,0.0,,,,,0,0,,,,,,,
1,2023-10-02,37788000.0,38720000.0,37200000.0,37424000.0,186313583118.01462,4894.78634431,983000.0,983000.0,0.0,,,,,0,0,,,0.0,0.0,1.0,1.0,1.0267083276728706
2,2023-10-03,37424000.0,37791000.0,37012000.0,37197000.0,97326904656.77483,2600.08235706,-364000.0,0.0,364000.0,,,,,0,0,,,-0.0,-0.0,1.0,1.0,1.0168183670696918
3,2023-10-04,37198000.0,37740000.0,37036000.0,37595000.0,89233400444.09496,2387.11196686,-226000.0,0.0,226000.0,,,,,0,0,,,-0.0,-0.0,1.0,1.0,1.0106778970248609
4,2023-10-05,37592000.0,38096000.0,37240000.0,37258000.0,87537921532.34395,2329.61562457,394000.0,394000.0,0.0,,,,,0,0,,,0.0,0.0,1.0,1.0,1.021382964271159
5,2023-10-06,37258000.0,38124000.0,37050000.0,37798000.0,90184643588.37437,2400.327927,-334000.0,0.0,334000.0,,,,,0,0,,,-0.0,-0.0,1.0,1.0,1.0123081103110991
6,2023-10-07,37798000.0,37997000.0,37725000.0,37902000.0,38115140031.55202,1006.0876418,540000.0,540000.0,0.0,,,,,0,0,,,0.0,0.0,1.0,1.0,1.0269800298872436
7,2023-10-08,37902000.0,38109000.0,37587000.0,37929000.0,71305648926.66829,1880.64238934,104000.0,104000.0,0.0,,,,,0,0,,,0.0,0.0,1.0,1.0,1.0298057329167234
8,2023-10-09,37929000.0,38047000.0,37237000.0,37595000.0,119979036669.32654,3186.87540521,27000.0,27000.0,0.0,,,,,0,0,,,0.0,0.0,1.0,1.0,1.0305393288955307
9,2023-10-10,37595000.0,37810000.0,37262000.0,37336000.0,78432728980.09937,2088.59646744,-334000.0,0.0,334000.0,,,,,0,0,,,-0.0,-0.0,1.0,1.0,1.0214644749354709
10,2023-10-11,37323000.0,37403000.0,36291000.0,36671000.0,121703714693.16171,3302.24816453,-272000.0,0.0,272000.0,,,,,0,0,,,-0.0,-0.0,1.0,1.0,1.0140741747045239
11,2023-10-12,36671000.0,36880000.0,36408000.0,36750000.0,64503382510.69762,1763.26549608,-652000.0,0.0,652000.0,,,,,0,0,,,-0.0,-0.0,1.0,1.0,0.9963591903274012
12,2023-10-13,36750000.0,37193000.0,36724000.0,36968000.0,64841512795.1982,1756.9902380400001,79000.0,79000.0,0.0,,,,,0,0,,,0.0,0.0,1.0,1.0,0.9985056378209481
13,2023-10-14,36968000.0,37156000.0,36700000.0,36790000.0,45151269085.55234,1222.06533918,218000.0,218000.0,0.0,167500.0,155857.14285714287,1.0747021081576535,51.80030925557765,0,0,,,0.0,0.0,1.0,1.0,1.0044287460942805
14,2023-10-15,36790000.0,37189000.0,36659000.0,37086000.0,60732500501.17132,1648.56771035,-178000.0,0.0,178000.0,167500.0,168571.42857142858,0.9936440677966101,49.84059511158342,0,0,,,-0.0,-0.0,1.0,1.0,0.9995924466784403
15,2023-10-16,37087000.0,40700000.0,37000000.0,38697000.0,351913585145.2934,9125.6095245,297000.0,297000.0,0.0,118500.0,168571.42857142858,0.7029661016949152,41.278925105747696,0,0,,,0.0,0.0,1.0,1.0,1.0076620024453198
16,2023-10-17,38686000.0,38947000.0,38156000.0,38652000.0,123061894306.7804,3189.76773803,1599000.0,1599000.0,0.0,232714.2857142857,142571.42857142858,1.6322645290581161,62.00989722116483,0,0,,,0.0,0.0,1.0,1.0,1.05110718652357
17,2023-10-18,38652000.0,39380000.0,38479000.0,38710000.0,104730562417.98697,2698.75413038,-34000.0,0.0,34000.0,232714.2857142857,128857.14285714286,1.8059866962305986,64.36191228763334,0,0,,,-0.0,-0.0,1.0,1.0,1.0501833989947016
18,2023-10-19,38672000.0,39250000.0,38550000.0,39000000.0,163821734881.29224,4211.27040526,20000.0,20000.0,0.0,206000.0,128857.14285714286,1.598669623059867,61.51877133105802,0,0,,,0.0,0.0,1.0,1.0,1.0507268034234476
19,2023-10-20,39000000.0,40700000.0,38820000.0,40250000.0,257642978882.06818,6455.83376435,328000.0,328000.0,0.0,229428.57142857142,105000.0,2.185034013605442,68.60316104228961,0,0,,,0.0,0.0,1.0,1.0,1.0596386360548835
20,2023-10-21,40250000.0,40745000.0,39975000.0,40400000.0,103001454706.26799,2554.62807083,1250000.0,1250000.0,0.0,280142.85714285716,105000.0,2.668027210884354,72.73738872403561,0,0,,,0.0,0.0,1.0,1.0,1.0936014128515146
21,2023-10-22,40406000.0,40736000.0,40117000.0,40354000.0,110397968587.46605,2733.23876209,156000.0,156000.0,0.0,283857.14285714284,105000.0,2.7034013605442175,72.99779573842763,0,0,,,0.0,0.0,1.0,1.0,1.097839967395734
22,2023-10-23,40354000.0,45165000.0,40307000.0,44179000.0,470736919769.6222,11111.91639708,-52000.0,0.0,52000.0,281928.5714285714,108714.28571428571,2.5932982917214193,72.1704150667398,0,0,,,-0.0,-0.0,1.0,1.0,1.0964271158809942
23,2023-10-24,44179000.0,47459000.0,43820000.0,45599000.0,783556734920.041,17112.17695256,3825000.0,3825000.0,0.0,555142.8571428572,84857.14285714286,6.542087542087542,86.74107142857143,0,0,,,0.0,0.0,1.0,1.0,1.2003532128786847
24,2023-10-25,45593000.0,47355000.0,45556000.0,46484000.0,352246450482.9208,7593.96895691,1414000.0,1414000.0,0.0,656142.8571428572,65428.57142857143,10.028384279475983,90.93248861611562,0,0,,,0.0,0.0,1.0,1.0,1.2387719059910336
25,2023-10-26,46485000.0,47093000.0,45631000.0,46141000.0,310796638877.9707,6702.74205085,892000.0,892000.0,0.0,719857.1428571428,18857.14285714286,38.17424242424242,97.44730226261845,0,0,,,0.0,0.0,1.0,1.0,1.2630077435131093
26,2023-10-27,46140000.0,46205000.0,45450000.0,45980000.0,141262434266.94745,3075.95792102,-345000.0,0.0,345000.0,714214.2857142857,43500.0,16.41871921182266,94.25904977375565,0,0,,,-0.0,-0.0,1.0,1.0,1.2536340171172393
27,2023-10-28,45980000.0,46780000.0,45955000.0,46314000.0,101583770481.7882,2191.55682092,-160000.0,0.0,160000.0,698642.8571428572,54928.57142857143,12.719115734720416,92.71090047393365,0,0,,,-0.0,-0.0,1.0,1.0,1.2492867816872706
28,2023-10-29,46316000.0,47028000.0,46285000.0,46825000.0,112427935158.90607,2408.99526887,336000.0,336000.0,0.0,722642.8571428572,42214.28571428572,17.118443316412858,94.48076204706761,0,0,,,0.0,0.0,1.0,1.0,1.258415976090205
29,2023-10-30,46825000.0,47215000.0,46417000.0,46732000.0,193672784728.4677,4138.81726801,509000.0,509000.0,0.0,737785.7142857143,42214.28571428572,17.477157360406093,94.58791208791209,0,0,,,0.0,0.0,1.0,1.0,1.2722456188017932
30,2023-10-31,46734000.0,47050000.0,46302000.0,47030000.0,192294569663.80377,4120.3851524,-91000.0,0.0,91000.0,623571.4285714285,48714.28571428572,12.800586510263928,92.7539311517212,0,0,,,-0.0,-0.0,1.0,1.0,1.2697731286509986
31,2023-11-01,47030000.0,48165000.0,46720000.0,48079000.0,299411220288.5296,6327.33174114,296000.0,296000.0,0.0,644714.2857142857,46285.71428571428,13.929012345679013,93.30163324374612,0,0,,,0.0,0.0,1.0,1.0,1.277815514196441
32,2023-11-02,48100000.0,48661000.0,46732000.0,47516000.0,285475840328.6736,5972.0703977,1070000.0,1070000.0,0.0,719714.2857142857,46285.71428571428,15.549382716049383,93.95747855277881,0,0,,,0.0,0.0,1.0,1.0,1.306887651134357
33,2023-11-03,47524000.0,47524000.0,46203000.0,46676000.0,230047830133.99362,4936.17064119,-576000.0,0.0,576000.0,696285.7142857143,87428.57142857143,7.9640522875816995,88.84433102442581,0,0,,,-0.0,-0.0,1.0,1.0,1.2912376035864694
34,2023-11-04,46675000.0,47246000.0,46473000.0,47050000.0,131307809038.2666,2806.91856547,-849000.0,0.0,849000.0,607000.0,148071.42857142858,4.099372889532079,80.38974553022419,0,0,,,-0.0,-0.0,1.0,1.0,1.2681700855861977
35,2023-11-05,47052000.0,47500000.0,46670000.0,47056000.0,159997546547.1882,3392.8399816,377000.0,377000.0,0.0,622785.7142857143,148071.42857142858,4.20598166907863,80.79132690882135,0,0,,,0.0,0.0,1.0,1.0,1.2784132590680617
36,2023-11-06,47056000.0,47197000.0,46471000.0,46781000.0,164129100581.59018,3504.69710331,4000.0,4000.0,0.0,623071.4285714285,144357.14285714287,4.316180108857001,81.18950111690245,0,0,,,0.0,0.0,1.0,1.0,1.278521939953811
37,2023-11-07,46781000.0,47696000.0,46300000.0,47301000.0,184409450823.21826,3939.2516709,-275000.0,0.0,275000.0,349857.14285714284,164000.0,2.1332752613240418,68.0845148735057,-1,0,,,-0.0,-0.0,1.0,1.0,1.271050129058552
38,2023-11-08,47301000.0,47900000.0,46927000.0,47458000.0,139385505114.5386,2949.25778949,520000.0,520000.0,0.0,286000.0,164000.0,1.7439024390243902,63.55555555555556,0,0,,,0.0,0.0,1.0,1.0,1.2851786442059507
39,2023-11-09,47457000.0,50278000.0,47401000.0,49400000.0,546010947959.2891,11141.9610064,156000.0,156000.0,0.0,233428.57142857142,164000.0,1.4233449477351916,58.73472322070453,0,0,,,0.0,0.0,1.0,1.0,1.2894171987501704
40,2023-11-10,49400000.0,50215000.0,48759000.0,50030000.0,299708542656.05597,6043.14362454,1943000.0,1943000.0,0.0,372214.28571428574,139357.14285714287,2.6709379805228086,72.75900586428372,0,0,,,0.0,0.0,1.0,1.0,1.3422089390028533
41,2023-11-11,50030000.0,50100000.0,49230000.0,49629000.0,175349322990.9461,3533.85638572,630000.0,630000.0,0.0,417214.28571428574,127928.57142857143,3.261306532663317,76.53301886792454,0,0,,,0.0,0.0,1.0,1.0,1.3593261785083555
42,2023-11-12,49629000.0,49929000.0,49141000.0,49418000.0,161934761242.51166,3274.7534793,-401000.0,0.0,401000.0,393214.28571428574,156571.42857142858,2.511405109489051,71.52137196310251,0,0,,,-0.0,-0.0,1.0,1.0,1.3484309197119961
43,2023-11-13,49418000.0,49803000.0,49000000.0,49154000.0,178810971819.30255,3616.16847856,-211000.0,0.0,211000.0,356857.14285714284,171642.85714285713,2.0790678318768205,67.52263819435058,-1,0,,,-0.0,-0.0,1.0,1.0,1.3426980029887248
44,2023-11-14,49151000.0,49633000.0,47524000.0,47969000.0,288080691020.0241,5902.63410005,-267000.0,0.0,267000.0,356857.14285714284,184214.2857142857,1.9371849554090732,65.95379537953795,0,0,,,-0.0,-0.0,1.0,1.0,1.3354435538649645
45,2023-11-15,47969000.0,50552000.0,47018000.0,50457000.0,306665869019.82623,6306.63752813,-1182000.0,0.0,1182000.0,335714.28571428574,268642.85714285716,1.249667641584685,55.5489894811488,0,0,,,-0.0,-0.0,1.0,1.0,1.3033283521260703
46,2023-11-16,50463000.0,50652000.0,48115000.0,48868000.0,269149850359.8781,5432.8896593399995,2494000.0,2494000.0,0.0,437428.5714285714,268642.85714285716,1.6282903483116191,61.95245321193728,0,0,,,0.0,0.0,1.0,1.0,1.3710908843907084
47,2023-11-17,48878000.0,49501000.0,48552000.0,49390000.0,170567582593.56808,3480.16145402,-1585000.0,0.0,1585000.0,437428.5714285714,340714.28571428574,1.2838574423480082,56.21442996144666,0,0,,,-0.0,-0.0,1.0,1.0,1.3280260834125803
48,2023-11-18,49390000.0,49507000.0,48862000.0,49165000.0,90867746691.93956,1849.64117899,512000.0,512000.0,0.0,474000.0,280071.4285714286,1.692425401683244,62.85876669508383,0,0,,,0.0,0.0,1.0,1.0,1.3419372367884805
49,2023-11-19,49190000.0,49999000.0,49000000.0,49800000.0,99286328889.46626,2013.89896514,-200000.0,0.0,200000.0,447071.4285714286,294357.14285714284,1.5188061150206262,60.29865125240848,0,0,,,-0.0,-0.0,1.0,1.0,1.3365031925010196
50,2023-11-20,49800000.0,50305000.0,49283000.0,50170000.0,158066390992.00266,3173.09186779,610000.0,610000.0,0.0,490357.14285714284,294357.14285714284,1.6658578015044891,62.488621882395776,0,0,,,0.0,0.0,1.0,1.0,1.3530770275777755
51,2023-11-21,50170000.0,50389000.0,48510000.0,48510000.0,255668303594.71704,5154.0749487,370000.0,370000.0,0.0,516785.71428571426,274714.28571428574,1.8811752470098801,65.29194116054506,0,0,,,0.0,0.0,1.0,1.0,1.3631300095095782
52,2023-11-22,48521000.0,50499000.0,48391000.0,50042000.0,207585606679.1641,4203.05718026,-1649000.0,0.0,1649000.0,479642.85714285716,392500.0,1.2220200181983623,54.995904995905,0,0,,,-0.0,-0.0,1.0,1.0,1.3183263143594626
53,2023-11-23,50050000.0,50253000.0,49500000.0,49929000.0,118658022255.89616,2375.37097906,1529000.0,1529000.0,0.0,577714.2857142857,392500.0,1.4718835304822566,59.54501950968122,0,0,,,0.0,0.0,1.0,1.0,1.3598695829371015
54,2023-11-24,49936000.0,51323000.0,49888000.0,50601000.0,186303047671.0546,3684.13103632,-114000.0,0.0,114000.0,438928.5714285714,400642.85714285716,1.095560706008201,52.28007486813,0,0,,,-0.0,-0.0,1.0,1.0,1.3567721776932486
55,2023-11-25,50606000.0,50802000.0,50307000.0,50533000.0,87821072936.28871,1735.64159119,670000.0,670000.0,0.0,441785.71428571426,400642.85714285716,1.1026921019789622,52.44191962014584,0,0,,,0.0,0.0,1.0,1.0,1.3749762260562428
56,2023-11-26,50533000.0,50610000.0,50019000.0,50210000.0,97182147445.94131,1931.40729605,-73000.0,0.0,73000.0,441785.71428571426,377214.28571428574,1.1711797008142395,53.942089656375366,0,0,,,-0.0,-0.0,1.0,1.0,1.3729927998913196
57,2023-11-27,50210000.0,50446000.0,49500000.0,50275000.0,148203533801.63138,2967.23413174,-323000.0,0.0,323000.0,441785.71428571426,385214.28571428574,1.1468570368996847,53.42027984107791,0,0,,,-0.0,-0.0,1.0,1.0,1.3642168183670702
58,2023-11-28,50274000.0,51095000.0,49550000.0,50576000.0,154384605619.8331,3070.18580271,64000.0,64000.0,0.0,446357.14285714284,366142.85714285716,1.2190792040577447,54.93626373626373,0,0,,,0.0,0.0,1.0,1.0,1.3659557125390576
59,2023-11-29,50576000.0,51250000.0,50419000.0,50720000.0,143915341326.90656,2831.02552019,302000.0,302000.0,0.0,467928.5714285714,281714.28571428574,1.6610040567951316,62.42020009528346,0,0,,,0.0,0.0,1.0,1.0,1.3741611194131238
60,2023-11-30,50720000.0,50963000.0,50445000.0,50586000.0,140498847764.6817,2773.4807392,144000.0,144000.0,0.0,300071.4285714286,281714.28571428574,1.0651622718052738,51.57765500306937,0,0,,,0.0,0.0,1.0,1.0,1.3780736313000956
61,2023-12-01,50601000.0,52000000.0,50500000.0,51709000.0,206684690132.80362,4022.03933345,-119000.0,0.0,119000.0,300071.4285714286,177000.0,1.695318805488297,62.89863752058691,0,0,,,-0.0,-0.0,1.0,1.0,1.3748403749490563
62,2023-12-02,51710000.0,52833000.0,51645000.0,52603000.0,139928155615.26788,2689.11690841,1109000.0,1109000.0,0.0,342714.28571428574,177000.0,1.9362389023405975,65.9428257284222,0,0,,,0.0,0.0,1.0,1.0,1.404972150523027
63,2023-12-03,52615000.0,53864000.0,52531000.0,53700000.0,188420442100.16516,3551.85450167,905000.0,905000.0,0.0,407357.14285714284,162714.2857142857,2.5035118525021947,71.4572108758301,0,0,,,0.0,0.0,1.0,1.0,1.429561200923788
64,2023-12-04,53761000.0,57337000.0,53690000.0,56920000.0,634928029492.8329,11395.02751964,1146000.0,1146000.0,0.0,445642.85714285716,162714.2857142857,2.738805970149254,73.25349301397206,0,0,,,0.0,0.0,1.0,1.0,1.4606982746909392
65,2023-12-05,56922000.0,60769000.0,56000000.0,60227000.0,580788211507.9005,9996.25271209,3161000.0,3161000.0,0.0,645000.0,162714.2857142857,3.964003511852502,79.85496993279094,0,0,,,0.0,0.0,1.0,1.0,1.5465833446542594
66,2023-12-06,60230000.0,61312000.0,59572000.0,60314000.0,533639805638.3533,8840.70990951,3308000.0,3308000.0,0.0,881285.7142857143,44928.57142857143,19.615262321144677,95.14922495565666,0,0,,,0.0,0.0,1.0,1.0,1.6364624371688634
67,2023-12-07,60295000.0,60958000.0,58555000.0,59250000.0,496929423027.319,8318.92475677,65000.0,65000.0,0.0,776714.2857142857,44928.57142857143,17.287758346581874,94.53186125358602,0,0,,,0.0,0.0,1.0,1.0,1.6382285015622882
68,2023-12-08,59237000.0,60753000.0,58750000.0,60142000.0,312888965810.0667,5252.13320218,-1058000.0,0.0,1058000.0,776714.2857142857,112357.14285714286,6.91290527654164,87.36241664658151,0,0,,,-0.0,-0.0,1.0,1.0,1.6094824072816196
69,2023-12-09,60148000.0,60395000.0,59680000.0,60082000.0,212176303316.26273,3528.90759303,911000.0,911000.0,0.0,793928.5714285715,112357.14285714286,7.0661157024793395,87.60245901639344,0,0,,,0.0,0.0,1.0,1.0,1.6342344790110042
70,2023-12-10,60082000.0,60277000.0,59563000.0,59835000.0,154503668158.04605,2575.29471124,-66000.0,0.0,66000.0,793928.5714285715,111857.14285714286,7.097701149425288,87.65081618168914,0,0,,,-0.0,-0.0,1.0,1.0,1.632441244396142
71,2023-12-11,59834000.0,59918000.0,55460000.0,56950000.0,690921164445.8722,11981.70048829,-248000.0,0.0,248000.0,793928.5714285715,106500.0,7.4547283702213285,88.1722989052832,0,0,,,-0.0,-0.0,1.0,1.0,1.6257030294796904
72,2023-12-12,56950000.0,58780000.0,56654000.0,57605000.0,461428661644.5635,8005.13993037,-2884000.0,0.0,2884000.0,789357.1428571428,312500.0,2.5259428571428573,71.63879165046026,0,0,,,-0.0,-0.0,1.0,1.0,1.5473441108545036
73,2023-12-13,57605000.0,59924000.0,56500000.0,59056000.0,326097648745.7368,5623.2041578,655000.0,655000.0,0.0,814571.4285714285,312500.0,2.6066285714285713,72.27327460548831,0,0,,,0.0,0.0,1.0,1.0,1.565140605895938
74,2023-12-14,59056000.0,59500000.0,58002000.0,58735000.0,267479933082.30008,4548.14813078,1451000.0,1451000.0,0.0,907928.5714285715,312500.0,2.9053714285714287,74.39424089898162,0,0,,,0.0,0.0,1.0,1.0,1.604564597201467
75,2023-12-15,58727000.0,58973000.0,57632000.0,58028000.0,220131142067.4275,3771.61724969,-329000.0,0.0,329000.0,907928.5714285715,327500.0,2.772300981461287,73.49098057354301,0,0,,,-0.0,-0.0,1.0,1.0,1.595625594348594
76,2023-12-16,58020000.0,58562000.0,57574000.0,57935000.0,147866504293.10175,2546.60255462,-707000.0,0.0,707000.0,828714.2857142857,378000.0,2.192365835222978,68.67526932638806,-1,0,,,-0.0,-0.0,1.0,1.0,1.5764162477924195
77,2023-12-17,57928000.0,58017000.0,56700000.0,56710000.0,179292490567.81885,3121.98161119,-92000.0,0.0,92000.0,764071.4285714285,384571.4285714286,1.9868127786032688,66.51949505627759,0,0,,,-0.0,-0.0,1.0,1.0,1.5739165874201875
78,2023-12-18,56710000.0,58184000.0,55002000.0,58130000.0,526899459317.0283,9358.51829274,-1218000.0,0.0,1218000.0,682214.2857142857,471571.4285714286,1.4466828233868523,59.12833529375347,0,0,,,-0.0,-0.0,1.0,1.0,1.5408232577095502
79,2023-12-19,58099000.0,58944000.0,57260000.0,57845000.0,276210220545.6467,4742.2058516,1389000.0,1389000.0,0.0,555642.8571428572,471571.4285714286,1.178279309300212,54.0922049926987,0,0,,,0.0,0.0,1.0,1.0,1.5785626952859664
80,2023-12-20,57840000.0,59873000.0,57580000.0,59351000.0,367164134039.18427,6248.37736262,-259000.0,0.0,259000.0,319357.14285714284,490071.4285714286,0.6516542778020696,39.45464172255559,0,0,,,-0.0,-0.0,1.0,1.0,1.5715256079337045
81,2023-12-21,59350000.0,60000000.0,58924000.0,59479000.0,267069048287.66504,4490.29798433,1510000.0,1510000.0,0.0,422571.4285714286,490071.4285714286,0.8622649759510276,46.301948814275654,0,0,,,0.0,0.0,1.0,1.0,1.6125526423040346
82,2023-12-22,59479000.0,60419000.0,59094000.0,59532000.0,285751504134.6063,4790.38513967,129000.0,129000.0,0.0,431785.71428571426,414500.0,1.041702567637429,51.021269412559086,0,0,,,0.0,0.0,1.0,1.0,1.616057600869447
83,2023-12-23,59532000.0,59700000.0,59000000.0,59250000.0,138939077714.4067,2340.10844959,53000.0,53000.0,0.0,370500.0,414500.0,0.893848009650181,47.19745222929936,0,0,,,0.0,0.0,1.0,1.0,1.6174976226056244
84,2023-12-24,59249000.0,59600000.0,58000000.0,58002000.0,220016987575.62384,3729.33358016,-283000.0,0.0,283000.0,370500.0,430000.0,0.8616279069767442,46.283572767020615,0,0,,,-0.0,-0.0,1.0,1.0,1.6098084499388672
85,2023-12-25,58002000.0,58659000.0,57464000.0,58042000.0,272132952454.451,4687.20889184,-1247000.0,0.0,1247000.0,370500.0,501357.14285714284,0.7389941587120673,42.49549401933476,0,0,,,-0.0,-0.0,1.0,1.0,1.5759271838065483
86,2023-12-26,58042000.0,58140000.0,56349000.0,57032000.0,270822789242.3728,4735.23025583,40000.0,40000.0,0.0,373357.14285714284,295357.14285714284,1.264087061668682,55.832087160863054,0,0,,,0.0,0.0,1.0,1.0,1.5770139926640405
87,2023-12-27,57032000.0,58212000.0,56349000.0,57920000.0,227009564284.49377,3965.8428233,-1010000.0,0.0,1010000.0,326571.4285714286,367500.0,0.8886297376093295,47.05155912318617,0,0,,,-0.0,-0.0,1.0,1.0,1.5495720690123629
88,2023-12-28,57920000.0,58468000.0,56700000.0,56907000.0,226957310350.44257,3958.81673633,888000.0,888000.0,0.0,286357.14285714284,367500.0,0.7792031098153547,43.79506226786104,0,0,,,0.0,0.0,1.0,1.0,1.5736992256486895
89,2023-12-29,56904000.0,57300000.0,56000000.0,56450000.0,241957208417.80063,4273.27071779,-1016000.0,0.0,1016000.0,286357.14285714284,416571.4285714286,0.6874142661179697,40.73772990549741,0,0,,,-0.0,-0.0,1.0,1.0,1.546094280668388
90,2023-12-30,56450000.0,57150000.0,56101000.0,56639000.0,130136720731.60126,2301.72482929,-454000.0,0.0,454000.0,286357.14285714284,398500.0,0.7185875604947123,41.812682519816434,0,0,,,-0.0,-0.0,1.0,1.0,1.5337590001358516
91,2023-12-31,56639000.0,57437000.0,56452000.0,57047000.0,131519480295.09232,2308.38316024,189000.0,189000.0,0.0,299857.14285714284,391928.5714285714,0.7650811007836704,43.345379452762,0,0,,,0.0,0.0,1.0,1.0,1.5388941719875022
92,2024-01-01,57045000.0,58847000.0,57045000.0,58839000.0,182491217914.30185,3165.32092908,406000.0,406000.0,0.0,328857.14285714284,304928.5714285714,1.0784727102365894,51.88774935196663,0,0,,,0.0,0.0,1.0,1.0,1.549925281891048
93,2024-01-02,58839000.0,60997000.0,58814000.0,60206000.0,495038780463.7768,8221.19868374,1794000.0,1794000.0,0.0,357785.71428571426,304928.5714285714,1.1733427032091823,53.9879284328519,0,0,,,0.0,0.0,1.0,1.0,1.5986686591495727
94,2024-01-03,60205000.0,60799000.0,54346000.0,58581000.0,945841183535.2499,16310.30692586,1366000.0,1366000.0,0.0,455357.14285714284,286428.5714285714,1.5897755610972568,61.38661531054406,0,0,,,0.0,0.0,1.0,1.0,1.635783181632931
95,2024-01-04,58581000.0,60162000.0,57319000.0,59477000.0,366025648066.8456,6254.53768656,-1624000.0,0.0,1624000.0,347500.0,402428.5714285714,0.8635072772452964,46.33774645204305,0,0,,,-0.0,-0.0,1.0,1.0,1.591658742018748
96,2024-01-05,59477000.0,59695000.0,57577000.0,59351000.0,284352418527.13806,4822.3896766,896000.0,896000.0,0.0,402285.71428571426,402428.5714285714,0.999645012424565,49.991123735132255,0,0,,,0.0,0.0,1.0,1.0,1.616003260426573
97,2024-01-06,59351000.0,59518000.0,58651000.0,59329000.0,146681858163.83517,2482.6262327,-126000.0,0.0,126000.0,398500.0,411428.5714285714,0.9685763888888889,49.201869653408586,0,0,,,-0.0,-0.0,1.0,1.0,1.6125798125254727
98,2024-01-07,59329000.0,59879000.0,58630000.0,59108000.0,195332894541.23975,3285.09256035,-22000.0,0.0,22000.0,398500.0,392785.71428571426,1.0145480996544827,50.36107600649937,0,0,,,-0.0,-0.0,1.0,1.0,1.6119820676538519
99,2024-01-08,59105000.0,63410000.0,57801000.0,63010000.0,677313414712.9883,11161.48689391,-224000.0,0.0,224000.0,398500.0,319714.28571428574,1.2464253798033957,55.48483341621084,0,0,,,-0.0,-0.0,1.0,1.0,1.6058959380518956
100,2024-01-09,63011000.0,64385000.0,60748000.0,62014000.0,617115004717.8223,9882.55128738,3906000.0,3906000.0,0.0,674642.8571428572,319714.28571428574,2.110142984807864,67.84713741828892,0,0,,,0.0,0.0,1.0,1.0,1.7120228229860077
101,2024-01-10,62001000.0,65000000.0,59730000.0,63621000.0,1023312951596.1451,16442.71360776,-1010000.0,0.0,1010000.0,674642.8571428572,319714.28571428574,2.110142984807864,67.84713741828892,0,0,,,-0.0,-0.0,1.0,1.0,1.6845808993343299
102,2024-01-11,63621000.0,66779000.0,62246000.0,63550000.0,923979801876.3722,14392.35118741,1620000.0,1620000.0,0.0,726928.5714285715,319714.28571428574,2.2736818588025023,69.45335426192588,0,0,,,0.0,0.0,1.0,1.0,1.7285966580627636
103,2024-01-12,63560000.0,63820000.0,58200000.0,59435000.0,705250093415.7546,11517.51602146,-61000.0,0.0,61000.0,726928.5714285715,251500.0,2.8903720533939223,74.29551759380931,0,0,,,-0.0,-0.0,1.0,1.0,1.726939274555088
104,2024-01-13,59430000.0,59860000.0,58174000.0,58968000.0,326997534585.3025,5542.07595015,-4130000.0,0.0,4130000.0,726928.5714285715,514071.4285714286,1.4140614144782548,58.57603315298722,-1,0,,,-0.0,-0.0,1.0,1.0,1.6147262600190195
105,2024-01-14,58968000.0,59254000.0,57312000.0,57391000.0,230963494089.2534,3950.54738176,-462000.0,0.0,462000.0,713428.5714285715,547071.4285714285,1.3040866953910435,56.59885532951777,0,0,,,-0.0,-0.0,1.0,1.0,1.6021736177149848
106,2024-01-15,57380000.0,59340000.0,57332000.0,58354000.0,231794647049.94147,3967.32180816,-1588000.0,0.0,1588000.0,684428.5714285715,660500.0,1.0362279658267548,50.8895852142971,0,0,,,-0.0,-0.0,1.0,1.0,1.559027306072545
107,2024-01-16,58416000.0,59577000.0,58169000.0,59196000.0,220847570069.63248,3748.9674189,1036000.0,1036000.0,0.0,630285.7142857143,660500.0,0.954255434194874,48.82961651264457,0,0,,,0.0,0.0,1.0,1.0,1.5871756554815928
108,2024-01-17,59218000.0,59300000.0,58269000.0,58776000.0,166684664128.92538,2837.33448993,802000.0,802000.0,0.0,590000.0,660500.0,0.8932626797880394,47.181127548980406,0,0,,,0.0,0.0,1.0,1.0,1.6089661730743114
109,2024-01-18,58776000.0,58900000.0,56754000.0,57284000.0,247274595060.62836,4268.88383965,-442000.0,0.0,442000.0,590000.0,576071.4285714285,1.0241785492870428,50.59724349157733,0,0,,,-0.0,-0.0,1.0,1.0,1.5969569351990227
110,2024-01-19,57281000.0,58180000.0,55935000.0,57739000.0,319935326045.1161,5634.88177074,-1495000.0,0.0,1495000.0,526000.0,682857.1428571428,0.7702928870292888,43.512172063342,0,0,,,-0.0,-0.0,1.0,1.0,1.5563374541502522
111,2024-01-20,57738000.0,57796000.0,57242000.0,57517000.0,122466062930.22649,2127.46454183,457000.0,457000.0,0.0,558642.8571428572,673857.1428571428,0.8290226839092644,45.3259924659519,0,0,,,0.0,0.0,1.0,1.0,1.5687542453471002
112,2024-01-21,57550000.0,57942000.0,57350000.0,57387000.0,115423278977.731,2003.6715815,-188000.0,0.0,188000.0,558642.8571428572,685714.2857142857,0.8146875,44.894093335629414,0,0,,,-0.0,-0.0,1.0,1.0,1.563646243716887
113,2024-01-22,57392000.0,57543000.0,54659000.0,54689000.0,354946267211.27905,6334.41138362,-158000.0,0.0,158000.0,558642.8571428572,681000.0,0.8203272498426684,45.06482281763181,0,0,,,-0.0,-0.0,1.0,1.0,1.5593533487297928
114,2024-01-23,54689000.0,55576000.0,53125000.0,55389000.0,417612365974.9237,7696.9657732,-2703000.0,0.0,2703000.0,279642.85714285716,874071.4285714285,0.3199313557244423,24.23848439821694,0,0,,,-0.0,-0.0,1.0,1.0,1.485912240184758
115,2024-01-24,55389000.0,55850000.0,54446000.0,55200000.0,199193987331.73764,3615.04171313,700000.0,700000.0,0.0,329642.85714285716,801928.5714285715,0.4110626169056738,29.131422800151498,0,0,,,0.0,0.0,1.0,1.0,1.5049313951908714
116,2024-01-25,55200000.0,55586000.0,54760000.0,55101000.0,158151643849.23672,2868.41775244,-189000.0,0.0,189000.0,213928.57142857142,815428.5714285715,0.2623510861948143,20.782735410450343,0,0,,,-0.0,-0.0,1.0,1.0,1.4997962233392208
117,2024-01-26,55101000.0,58146000.0,54957000.0,57503000.0,297208668227.302,5241.71188424,-99000.0,0.0,99000.0,213928.57142857142,818142.8571428572,0.2614807054304173,20.72807806768634,0,0,,,-0.0,-0.0,1.0,1.0,1.4971063714169275
118,2024-01-27,57526000.0,58189000.0,57046000.0,58086000.0,127856613888.00935,2217.23585074,2425000.0,2425000.0,0.0,387142.85714285716,523142.85714285716,0.7400327689787002,42.52981795354676,1,1,57526000.0,,0.0,0.0,1.0,1.0,1.5629941584023916
119,2024-01-28,58084000.0,58880000.0,57400000.0,57855000.0,163353578683.5286,2804.05316336,558000.0,558000.0,0.0,427000.0,490142.85714285716,0.8711745846691926,46.55763239875389,0,1,57526000.0,,0.009699961756423292,0.007684592571280513,1.0096999617564233,1.0076845925712805,1.5781551419644078
120,2024-01-29,57855000.0,59210000.0,57561000.0,59101000.0,198470118247.67715,3400.58213496,-229000.0,0.0,229000.0,427000.0,393071.4285714286,1.0863165546065783,52.068635136312174,0,1,58084000.0,,-0.003942565938984899,-0.003942565938984899,1.005719153078608,1.0037117296193692,1.571933161255265
121,2024-01-30,59129000.0,59863000.0,58600000.0,58965000.0,243788049861.6119,4111.4027948,1274000.0,1274000.0,0.0,444000.0,393071.4285714286,1.1295656914410321,53.04206843587336,0,1,58084000.0,,0.02202056866303681,0.02202056866303681,1.0278656607447068,1.025814032679348,1.606548023366391
122,2024-01-31,58966000.0,59848000.0,58221000.0,58738000.0,198864403810.88028,3372.05512523,-163000.0,0.0,163000.0,386714.28571428574,404714.28571428574,0.9555241793152136,48.86281588447653,0,1,59129000.0,,-0.0027566845371983506,-0.0027566845371983506,1.0250321593714147,1.0229861869974197,1.6021192772721102
123,2024-02-01,58730000.0,59302000.0,57804000.0,59150000.0,161060109648.93842,2757.18048169,-236000.0,0.0,236000.0,386714.28571428574,390000.0,0.9915750915750916,49.78848629759058,0,1,59129000.0,,-0.004002306413865564,-0.004002306413865564,1.020929666585544,1.018891882819904,1.5957071050129064
124,2024-02-02,59150000.0,59531000.0,58551000.0,59299000.0,134728620635.56172,2278.87315759,420000.0,420000.0,0.0,416714.28571428574,283214.28571428574,1.471374527112232,59.53668741708338,0,1,59129000.0,,0.007151370679380209,0.007151370679380209,1.0282307130688733,1.0261783563561608,1.6071185980165743
125,2024-02-03,59295000.0,59485000.0,59120000.0,59260000.0,69320649322.95328,1168.38699158,145000.0,145000.0,0.0,394428.5714285714,283214.28571428574,1.392686002522068,58.20596605881733,0,1,59150000.0,,0.0024513947590871776,0.0024513947590871776,1.0307513124500227,1.028693924600821,1.6110582801249838
126,2024-02-04,59262000.0,59324000.0,58633000.0,58811000.0,75191501973.40013,1272.47453255,-33000.0,0.0,33000.0,394428.5714285714,272142.85714285716,1.4493438320209973,59.172738962708955,0,1,59295000.0,,-0.0005565393372122251,-0.0005565393372122251,1.0301776587977611,1.0281214159658296,1.6101616628175528
127,2024-02-05,58814000.0,59800000.0,58311000.0,58882000.0,165309802322.86816,2801.14722486,-448000.0,0.0,448000.0,394428.5714285714,292857.14285714284,1.346829268292683,57.38931615048846,0,1,59295000.0,,-0.007559650366170567,-0.007559650366170567,1.0223898758822099,1.0203491775271558,1.5979894036136402
128,2024-02-06,58882000.0,59400000.0,58650000.0,59039000.0,121948276958.82838,2068.07481117,68000.0,68000.0,0.0,399285.71428571426,99785.71428571429,4.001431639226914,80.0057249177043,0,1,59295000.0,,0.0011561873023429037,0.0011561873023429037,1.0235719500747489,1.0215288922901686,1.5998369786713769
129,2024-02-07,59020000.0,60373000.0,58745000.0,60232000.0,238381737380.20325,4016.91251278,138000.0,138000.0,0.0,359142.85714285716,99785.71428571429,3.599141016463851,78.2568093385214,0,1,59295000.0,,0.0023436703916306367,0.0023436703916306367,1.0259708653478428,1.0239230193092244,1.6035864692297248
130,2024-02-08,60242000.0,62200000.0,60232000.0,62011000.0,269421771730.88812,4403.57321568,1222000.0,1222000.0,0.0,446428.5714285714,86285.71428571429,5.1738410596026485,83.80262805041566,0,1,59295000.0,,0.02070484581497789,0.02070484581497789,1.0472134339255292,1.0451231875504285,1.636788479826111
131,2024-02-09,62011000.0,64955000.0,61717000.0,63682000.0,512755906366.25,8059.0341961,1769000.0,1769000.0,0.0,572785.7142857143,79214.28571428571,7.230838593327323,87.85056967572305,0,1,60242000.0,,0.029364894923807228,0.029364894923807228,1.0779647463755517,1.0758131201352814,1.6848526015487029
132,2024-02-10,63682000.0,64890000.0,63062000.0,64549000.0,225319150684.7367,3520.61476764,1671000.0,1671000.0,0.0,518928.5714285714,79214.28571428571,6.550946798917944,86.75662765703368,0,1,62011000.0,,0.02694683201367498,0.02694683201367498,1.1070124813127975,1.1048028755616743,1.730254041570439
133,2024-02-11,64549000.0,65500000.0,64256000.0,65230000.0,238873276592.43555,3675.6804331499998,867000.0,867000.0,0.0,541000.0,79214.28571428571,6.8295761947700635,87.22791661868018,0,1,63682000.0,,0.013614522156967457,0.013614522156967457,1.1220839272676701,1.1198442387900902,1.7538106235565822
134,2024-02-12,65231000.0,67444000.0,64887000.0,67002000.0,441592898902.0397,6674.5189116,682000.0,682000.0,0.0,589714.2857142857,62857.142857142855,9.381818181818181,90.3677758318739,0,1,64549000.0,,0.010565616818231094,0.010565616818231094,1.1339394360810762,1.13167608391325,1.772340714576824
135,2024-02-13,67002000.0,67698000.0,65800000.0,67309000.0,452457508733.7282,6757.73223342,1771000.0,1771000.0,0.0,625214.2857142857,62857.142857142855,9.94659090909091,90.86473580400705,0,1,65231000.0,,0.02714966810258934,0.02714966810258934,1.1647255154191147,1.1624007139911328,1.8204591767422909
136,2024-02-14,67309000.0,70300000.0,66800000.0,70199000.0,555788800123.2118,8040.24948851,307000.0,307000.0,0.0,647142.8571428572,51214.28571428572,12.635983263598327,92.66646210494017,0,1,67002000.0,,0.004581952777529041,0.004581952777529041,1.1700622327295482,1.1677267791712063,1.8288004347235434
137,2024-02-15,70195000.0,72216000.0,70190000.0,71253000.0,596093200995.1085,8360.6265065,2886000.0,2886000.0,0.0,853285.7142857143,34357.142857142855,24.83575883575884,96.12939567071699,0,1,67309000.0,,0.04287688124916422,0.04287688124916422,1.2202308521364251,1.217795261613199,1.9072136937916047
138,2024-02-16,71253000.0,72500000.0,70782000.0,72128000.0,351583502414.54065,4895.5305616,1058000.0,1058000.0,0.0,898857.1428571428,34357.142857142855,26.162162162162165,96.31840796019901,0,1,70195000.0,,0.015072298596766176,0.015072298596766176,1.2386225358968117,1.2361502354259601,1.9359597880722732
139,2024-02-17,72134000.0,72267000.0,69595000.0,71530000.0,443405034028.45605,6239.93681452,881000.0,881000.0,0.0,951428.5714285715,34357.142857142855,27.692307692307697,96.51474530831099,0,1,71253000.0,,0.012364391674736464,0.012364391674736464,1.2539373500677953,1.2514344811055844,1.9598967531585385
140,2024-02-18,71500000.0,72158000.0,70669000.0,71964000.0,258754010038.3827,3622.39704322,-634000.0,0.0,634000.0,951428.5714285715,77285.71428571429,12.310536044362292,92.4871545618664,0,1,72134000.0,,-0.008789197881720168,-0.008789197881720168,1.2429162465667696,1.2404353758151396,1.9426708327672872
141,2024-02-19,71968000.0,72412000.0,71728000.0,71755000.0,258718607451.79404,3590.53994514,468000.0,468000.0,0.0,984857.1428571428,45285.71428571428,21.747634069400632,95.60393842740258,0,1,72134000.0,,0.006545454545454632,0.006545454545454632,1.2510516983624795,1.2485545891841117,1.955386496399946
142,2024-02-20,71755000.0,73100000.0,71010000.0,72191000.0,374956852709.30115,5210.9537578,-213000.0,0.0,213000.0,980000.0,60500.0,16.198347107438018,94.18548774627583,0,1,72134000.0,,-0.0029596487327701038,-0.0029596487327701038,1.247349024788791,1.2448593061764386,1.9495992392338002
143,2024-02-21,72160000.0,72465000.0,71100000.0,72397000.0,271810716263.94452,3784.15692927,405000.0,405000.0,0.0,999071.4285714285,60500.0,16.513577331759148,94.29014426317919,0,1,72134000.0,,0.00564420597867743,0.00564420597867743,1.2543893196120015,1.2518855485149718,1.9606031789159086
144,2024-02-22,72397000.0,72399000.0,71458000.0,71601000.0,212441719114.15668,2956.43290437,237000.0,237000.0,0.0,928714.2857142857,60500.0,15.35064935064935,93.88403494837172,0,1,72160000.0,,0.0032843680709533363,0.0032843680709533363,1.2585091958418801,1.2559972014390022,1.9670425213965497
145,2024-02-23,71600000.0,71835000.0,70657000.0,70805000.0,209597391438.7119,2937.89362228,-797000.0,0.0,797000.0,802357.1428571428,117428.57142857143,6.83272506082725,87.23305117651627,0,1,72397000.0,,-0.011008743456220604,-0.011008743456220604,1.2446545909675624,1.2421702504666292,1.9453878549110177
146,2024-02-24,70804000.0,71467000.0,70542000.0,71107000.0,196504422512.8034,2768.92244263,-796000.0,0.0,796000.0,683000.0,174285.7142857143,3.9188524590163936,79.67005499083487,0,1,72397000.0,,-0.011117318435754142,-0.011117318435754142,1.2308173695372526,1.2283606482407712,1.9237603586469232
147,2024-02-25,71107000.0,71595000.0,70907000.0,71256000.0,132976936582.42847,1867.42810931,303000.0,303000.0,0.0,642714.2857142857,174285.7142857143,3.6877049180327868,78.66759923063472,0,1,72397000.0,,0.004279419241850713,0.004279419241850713,1.2360845530716544,1.233617318434785,1.9319929357424264
148,2024-02-26,71254000.0,75000000.0,70000000.0,74742000.0,445753506046.4029,6152.52849944,147000.0,147000.0,0.0,604500.0,174285.7142857143,3.4684426229508194,77.62083830138494,0,1,72397000.0,,0.002067307016186959,0.002067307016186959,1.2386399193408197,1.2361675841724749,1.9359869582937104
149,2024-02-27,74741000.0,79183000.0,74554000.0,78619000.0,789427020915.4601,10168.66847875,3487000.0,3487000.0,0.0,727071.4285714285,174285.7142857143,4.17172131147541,80.66407797765274,0,1,72397000.0,,0.04893760350296117,0.04893760350296117,1.2992559885964605,1.2966626632699207,2.030729520445592
150,2024-02-28,78621000.0,88424000.0,78082000.0,87634000.0,1605842409329.8965,19254.09747335,3880000.0,3880000.0,0.0,982285.7142857143,174285.7142857143,5.636065573770492,84.93083003952569,0,1,74741000.0,,0.0519126048621239,0.0519126048621239,1.3667037513472167,1.3639757997477213,2.1361499796223344
151,2024-02-29,87695000.0,90000000.0,85244000.0,85910000.0,1247891807737.9043,14269.12684354,9074000.0,9074000.0,0.0,1424285.7142857143,174285.7142857143,8.172131147540984,89.09740840035747,0,1,78621000.0,,0.11541445669732009,0.11541445669732009,1.5244411222751448,1.5213983256238972,2.3826925689444374
152,2024-03-01,85911000.0,88500000.0,85910000.0,87397000.0,545793423395.0005,6256.9719359499995,-1784000.0,0.0,1784000.0,1348714.2857142857,301714.28571428574,4.470170454545454,81.7190340171384,0,1,87695000.0,,-0.02034323507611613,-0.02034323507611613,1.4934290581650034,1.4904481618413208,2.3342208939002855
153,2024-03-02,87397000.0,87724000.0,86090000.0,86383000.0,475836197640.3118,5481.66253212,1486000.0,1486000.0,0.0,1391928.5714285714,301714.28571428574,4.61339962121212,82.18548353085066,0,1,87695000.0,,0.017296970120240784,0.017296970120240784,1.5192608559607828,1.5162283991624579,2.3745958429561207
154,2024-03-03,86382000.0,87993000.0,85000000.0,87982000.0,520339172689.89,6017.57168637,-1015000.0,0.0,1015000.0,1391928.5714285714,328928.5714285714,4.231704668838219,80.88577121036029,0,1,87695000.0,,-0.011613670949803812,-0.011613670949803812,1.501616660292737,1.4986194214498374,2.347018068197256
155,2024-03-04,87978000.0,95586000.0,87302000.0,95500000.0,1211101233989.3242,13254.11820787,1596000.0,1596000.0,0.0,1472500.0,328928.5714285714,4.476655808903366,81.74068199841396,0,1,87695000.0,,0.018476071403764616,0.018476071403764616,1.5293606369293882,1.526308020887613,2.3903817416111943
156,2024-03-05,95500000.0,97000000.0,88024000.0,91275000.0,2068791243827.417,22134.5823534,7522000.0,7522000.0,0.0,2009785.7142857143,313714.28571428574,6.406420765027322,86.49820160472194,0,1,87978000.0,,0.08549864738911994,0.08549864738911994,1.6601189027570138,1.6568052921726686,2.5947561472626
157,2024-03-06,91284000.0,94917000.0,88233000.0,93325000.0,1132969096241.1963,12290.20386486,-4216000.0,0.0,4216000.0,1980857.142857143,614857.1428571428,3.221654275092937,76.31260319207485,0,1,95500000.0,,-0.044146596858638754,-0.044146596858638754,1.5868303028195943,1.5836629768658625,2.4802064936829233
158,2024-03-07,93325000.0,95678000.0,92670000.0,94060000.0,544938284330.71326,5792.49252841,2041000.0,2041000.0,0.0,2109714.285714286,614857.1428571428,3.431226765799257,77.43288590604027,0,1,95500000.0,,0.02235879234038829,0.02235879234038829,1.622309912039773,1.6190717685027676,2.5356609156364622
159,2024-03-08,94044000.0,98543000.0,94000000.0,96237000.0,835209405680.1185,8721.93321965,719000.0,719000.0,0.0,2161071.4285714286,557928.5714285715,3.873383689668416,79.48037618872485,0,1,95500000.0,,0.007704259308866757,0.007704259308866757,1.6348086082814723,1.6315455172469784,2.555196304849884
160,2024-03-09,96237000.0,96420000.0,95120000.0,95946000.0,378536088958.2131,3946.68168858,2193000.0,2193000.0,0.0,2317714.285714286,501071.4285714286,4.625516749821811,82.22385525682284,0,1,95500000.0,,0.02331887201735361,0.02331887201735361,1.672930500990856,1.6695913183541478,2.614780600461893
161,2024-03-10,95946000.0,98445000.0,95904000.0,97495000.0,584591822773.3928,5997.98580277,-291000.0,0.0,291000.0,2296071.4285714286,521857.14285714284,4.399808376676704,81.48082431370561,0,1,96237000.0,,-0.0030237850307054392,-0.0030237850307054392,1.6678719187845492,1.6645428331183127,2.6068740660236376
162,2024-03-11,97501000.0,101940000.0,95132000.0,100404000.0,1394027929273.16,14017.56814882,1555000.0,1555000.0,0.0,2396642.8571428573,521857.14285714284,4.59252669039146,82.11899459115494,0,1,96237000.0,,0.016207033122798142,0.016207033122798142,1.6949031742168752,1.6915201339489776,2.649123760358646
163,2024-03-12,100404000.0,102350000.0,99000000.0,101200000.0,840639249935.1646,8326.93269496,2903000.0,2903000.0,0.0,2354928.5714285714,521857.14285714284,4.512592389816589,81.85971446306642,0,1,97501000.0,,0.02977405359945018,0.02977405359945018,1.7453673121718867,1.7418835450817236,2.7279989131911413
164,2024-03-13,101200000.0,104865000.0,100909000.0,104122000.0,796117209603.253,7708.11925332,796000.0,796000.0,0.0,2134642.8571428573,521857.14285714284,4.090473583356146,80.35546234303999,0,1,100404000.0,,0.007927970997171352,0.007927970997171352,1.7592045336021964,1.7556931473075816,2.7496264094552356
165,2024-03-14,104121000.0,105000000.0,100000000.0,102506000.0,1082636743178.8175,10526.11243481,2921000.0,2921000.0,0.0,1695142.857142857,521857.14285714284,3.248289077470572,76.46111218506347,0,1,101200000.0,,0.028863636363636314,0.028863636363636314,1.8099815735493507,1.8063688358775958,2.8289906262736024
166,2024-03-15,102506000.0,104131000.0,95600000.0,101000000.0,1768528691395.1565,17862.96961701,-1615000.0,0.0,1615000.0,1695142.857142857,509785.71428571426,3.3252066694689644,76.87971751595452,0,1,104121000.0,,-0.0155107999346914,-0.0155107999346914,1.781907311476549,1.778350610256037,2.7851107186523554
167,2024-03-16,101010000.0,102407000.0,95700000.0,96767000.0,773300912136.6715,7805.49537673,-1496000.0,0.0,1496000.0,1589000.0,616642.8571428572,2.576856249276034,72.04248842255254,0,1,104121000.0,,-0.01459426765262517,-0.01459426765262517,1.7559016792406905,1.752396885469751,2.7444640673821477
168,2024-03-17,96769000.0,100299000.0,94300000.0,99922000.0,1018011483571.2373,10512.201941970001,-4241000.0,0.0,4241000.0,1589000.0,847071.4285714285,1.8758748629732693,65.22797243805894,-1,0,104121000.0,96769000.0,-0.041985941985941966,-0.043901970101970056,1.6821784932030728,1.6754632097970725,2.6292351582665385
169,2024-03-18,99934000.0,100233000.0,97623000.0,99040000.0,601364533012.1357,6061.17057346,3165000.0,3165000.0,0.0,1701071.4285714286,847071.4285714285,2.00817944177418,66.75730223692325,0,0,,,0.0,0.0,1.6821784932030728,1.6754632097970725,2.715228909115608
170,2024-03-19,99042000.0,99700000.0,92027000.0,92572000.0,1333253975751.9326,14040.62247096,-892000.0,0.0,892000.0,1163785.7142857143,910785.7142857143,1.2777821347345306,56.09764495248588,0,0,,,-0.0,-0.0,1.6821784932030728,1.6754632097970725,2.690993071593532
171,2024-03-20,92541000.0,100216000.0,89845000.0,99726000.0,1336501266984.0964,14156.97655657,-6501000.0,0.0,6501000.0,1163785.7142857143,1074000.0,1.0835993615323225,52.00612850713397,0,0,,,-0.0,-0.0,1.6821784932030728,1.6754632097970725,2.5143594620296144
172,2024-03-21,99726000.0,99801000.0,95000000.0,95552000.0,724759488812.2096,7441.53702699,7185000.0,7185000.0,0.0,1531214.2857142857,1074000.0,1.4257116254322957,58.7749842349135,0,0,,,0.0,0.0,1.6821784932030728,1.6754632097970725,2.7095775030566487
173,2024-03-22,95618000.0,96500000.0,92222000.0,93855000.0,625975200849.2533,6646.70819911,-4108000.0,0.0,4108000.0,1479857.142857143,1367428.5714285714,1.0822189720016717,51.97431137424113,0,0,,,-0.0,-0.0,1.6821784932030728,1.6754632097970725,2.597962233392201
174,2024-03-23,93850000.0,95609000.0,92593000.0,93274000.0,344921898105.8299,3672.55444643,-1768000.0,0.0,1768000.0,1323214.2857142857,1493714.2857142857,0.8858550114766641,46.97365418262038,0,0,,,-0.0,-0.0,1.6821784932030728,1.6754632097970725,2.5499252818910465
175,2024-03-24,93317000.0,97252000.0,93079000.0,96624000.0,369010924364.2194,3888.32456609,-533000.0,0.0,533000.0,1323214.2857142857,1511000.0,0.875720903847972,46.687164495072956,0,0,,,-0.0,-0.0,1.6821784932030728,1.6754632097970725,2.535443553864963
176,2024-03-25,96624000.0,100500000.0,95600000.0,99202000.0,736915127805.8601,7510.92358508,3307000.0,3307000.0,0.0,1448357.142857143,1511000.0,0.958542119693675,48.9416137674688,0,0,,,0.0,0.0,1.6821784932030728,1.6754632097970725,2.6252954761581297
177,2024-03-26,99202000.0,100800000.0,98830000.0,100051000.0,518625422690.3721,5187.8255505,2578000.0,2578000.0,0.0,1425142.857142857,1511000.0,0.9431785950647631,48.53792633678781,0,0,,,0.0,0.0,1.6821784932030728,1.6754632097970725,2.695340307023501
178,2024-03-27,100051000.0,101900000.0,98700000.0,99890000.0,687535364829.5654,6873.29706874,849000.0,849000.0,0.0,1428928.5714285714,1511000.0,0.9456840313888626,48.60419349352511,0,0,,,0.0,0.0,1.6821784932030728,1.6754632097970725,2.718407825023773
179,2024-03-28,99890000.0,101725000.0,99251000.0,100900000.0,535926456305.18634,5332.23099753,-161000.0,0.0,161000.0,1220285.7142857143,1522500.0,0.8015012901712409,44.49074194640485,0,0,,,-0.0,-0.0,1.6821784932030728,1.6754632097970725,2.7140334193723668
180,2024-03-29,100900000.0,101100000.0,99210000.0,99801000.0,435401166585.58826,4351.27001019,1010000.0,1010000.0,0.0,1292428.5714285714,1407142.857142857,0.9184771573604061,47.875324125522575,0,0,,,0.0,0.0,1.6821784932030728,1.6754632097970725,2.7414753430240446
181,2024-03-30,99876000.0,100317000.0,99455000.0,99985000.0,196155308244.61237,1962.11149493,-1024000.0,0.0,1024000.0,1292428.5714285714,1373428.5714285714,0.9410235073850635,48.48078881088902,0,0,,,-0.0,-0.0,1.6821784932030728,1.6754632097970725,2.7136530362722446
182,2024-03-31,99985000.0,101133000.0,99930000.0,100970000.0,212087515001.09903,2112.03397974,109000.0,109000.0,0.0,1300214.2857142857,1070500.0,1.214585974511243,54.844832780958114,0,0,,,0.0,0.0,1.6821784932030728,1.6754632097970725,2.7166145904089105
183,2024-04-01,100991000.0,101098000.0,98658000.0,100100000.0,472761515355.0921,4739.72230488,1006000.0,1006000.0,0.0,1146000.0,1070500.0,1.070527790751985,51.703135574103314,0,0,,,0.0,0.0,1.6821784932030728,1.6754632097970725,2.7439478331748393
184,2024-04-02,100100000.0,100100000.0,95000000.0,96053000.0,780975960649.7177,8066.15019928,-891000.0,0.0,891000.0,1146000.0,1070428.5714285714,1.0705992259442147,51.704801804705134,0,0,,,-0.0,-0.0,1.6821784932030728,1.6754632097970725,2.7197391658742007
185,2024-04-03,96053000.0,97300000.0,94682000.0,96502000.0,411426554028.0002,4274.27113577,-4047000.0,0.0,4047000.0,1146000.0,895142.8571428572,1.2802425789977656,56.14501679731243,0,0,,,-0.0,-0.0,1.6821784932030728,1.6754632097970725,2.6097812797174287
186,2024-04-04,96502000.0,99912000.0,95598000.0,99361000.0,427159595437.90393,4377.11634387,449000.0,449000.0,0.0,664857.1428571428,895142.8571428572,0.7427385892116182,42.61904761904762,0,0,,,0.0,0.0,1.6821784932030728,1.6754632097970725,2.6219807091427785
187,2024-04-05,99445000.0,99669000.0,96800000.0,98394000.0,346785702174.4224,3533.18774879,2943000.0,2943000.0,0.0,875071.4285714285,601714.2857142857,1.4542972459639125,59.25513905683192,0,0,,,0.0,0.0,1.6821784932030728,1.6754632097970725,2.701942670832766
188,2024-04-06,98385000.0,99888000.0,97745000.0,99023000.0,185840192041.35562,1885.55868844,-1060000.0,0.0,1060000.0,875071.4285714285,551142.8571428572,1.5877397615344737,61.35623779235739,0,0,,,-0.0,-0.0,1.6821784932030728,1.6754632097970725,2.673142236109223
189,2024-04-07,99000000.0,100450000.0,98976000.0,99369000.0,212381001693.2222,2132.30263827,615000.0,615000.0,0.0,919000.0,513071.4285714286,1.791173604343589,64.17277669709213,0,0,,,0.0,0.0,1.6821784932030728,1.6754632097970725,2.6898519222931654
190,2024-04-08,99369000.0,103084000.0,99100000.0,102101000.0,571091810718.5997,5621.6941615,369000.0,369000.0,0.0,709142.8571428572,513071.4285714286,1.382152304051232,58.021155981532345,0,0,,,0.0,0.0,1.6821784932030728,1.6754632097970725,2.699877734003531
191,2024-04-09,102050000.0,102399000.0,98400000.0,99350000.0,478845250480.8743,4778.27379895,2681000.0,2681000.0,0.0,716500.0,513071.4285714286,1.3964917165529722,58.27233647031486,0,0,,,0.0,0.0,1.6821784932030728,1.6754632097970725,2.7727210976769454
192,2024-04-10,99409000.0,101750000.0,97614000.0,100600000.0,427447865181.8295,4307.83087037,-2641000.0,0.0,2641000.0,655857.1428571428,701714.2857142857,0.9346498371335505,48.31105966536883,0,0,,,-0.0,-0.0,1.6821784932030728,1.6754632097970725,2.7009645428610236
193,2024-04-11,100601000.0,101452000.0,100031000.0,100541000.0,304817123210.9132,3026.45443123,1192000.0,1192000.0,0.0,741000.0,690214.2857142857,1.0735796336541448,51.77421769726007,0,0,,,0.0,0.0,1.6821784932030728,1.6754632097970725,2.7333514468142908
194,2024-04-12,100542000.0,101426000.0,98985000.0,99776000.0,501138671632.28973,5005.55856794,-59000.0,0.0,59000.0,668857.1428571428,694428.5714285715,0.9631763011725981,49.06213978832652,0,0,,,-0.0,-0.0,1.6821784932030728,1.6754632097970725,2.7317484037494895
195,2024-04-13,99645000.0,100569000.0,95000000.0,97149000.0,935752426506.9319,9545.1942808,-897000.0,0.0,897000.0,668857.1428571428,685357.1428571428,0.9759249609171443,49.39079065351548,0,0,,,-0.0,-0.0,1.6821784932030728,1.6754632097970725,2.707376715120227
196,2024-04-14,97092000.0,99180000.0,95224000.0,98905000.0,640496163193.9851,6601.79791673,-2553000.0,0.0,2553000.0,661071.4285714285,867714.2857142857,0.7618538030951597,43.241601644629256,0,0,,,-0.0,-0.0,1.6821784932030728,1.6754632097970725,2.6380111397907884
197,2024-04-15,98931000.0,99490000.0,95702000.0,96527000.0,572334441333.4099,5860.57730753,1839000.0,1839000.0,0.0,720571.4285714285,867714.2857142857,0.8304247612775766,45.367871919409964,0,0,,,0.0,0.0,1.6821784932030728,1.6754632097970725,2.6879771770139915
198,2024-04-16,96530000.0,96941000.0,93500000.0,95597000.0,575142167083.7314,6058.36670549,-2401000.0,0.0,2401000.0,720571.4285714285,975571.4285714285,0.738614731293015,42.482944495915106,0,0,,,-0.0,-0.0,1.6821784932030728,1.6754632097970725,2.6227414753430227
199,2024-04-17,95597000.0,96500000.0,90200000.0,91419000.0,660323082104.5907,7117.39044578,-933000.0,0.0,933000.0,720571.4285714285,753142.8571428572,0.9567526555386949,48.894920511826285,0,0,,,-0.0,-0.0,1.6821784932030728,1.6754632097970725,2.5973916587420174
200,2024-04-18,91439000.0,94200000.0,90000000.0,93356000.0,533379890524.8668,5793.82700325,-4158000.0,0.0,4158000.0,688500.0,1050142.857142857,0.655625085022446,39.59985210139272,0,0,,,-0.0,-0.0,1.6821784932030728,1.6754632097970725,2.4844178780057042
201,2024-04-19,93392000.0,95958000.0,88500000.0,93390000.0,826226752319.6167,8931.11165293,1953000.0,1953000.0,0.0,617785.7142857143,1050142.857142857,0.5882873078492723,37.03909896792429,0,0,,,0.0,0.0,1.6821784932030728,1.6754632097970725,2.53748132047276
202,2024-04-20,93390000.0,95600000.0,92615000.0,94805000.0,250942877130.00293,2666.36468567,-2000.0,0.0,2000.0,617785.7142857143,974571.4285714285,0.6339050131926122,38.796931772305214,0,0,,,-0.0,-0.0,1.6821784932030728,1.6754632097970725,2.537426980029885
203,2024-04-21,94840000.0,95989000.0,94312000.0,94868000.0,225327547192.15237,2369.21252418,1450000.0,1450000.0,0.0,677428.5714285715,974571.4285714285,0.6951040750513047,41.006572120373576,0,0,,,0.0,0.0,1.6821784932030728,1.6754632097970725,2.576823801113977
204,2024-04-22,94911000.0,97627000.0,94622000.0,97192000.0,309448245996.401,3221.84889236,71000.0,71000.0,0.0,656142.8571428572,974571.4285714285,0.6732629727352683,40.236530880420496,0,0,,,0.0,0.0,1.6821784932030728,1.6754632097970725,2.5787528868360257
205,2024-04-23,97239000.0,97592000.0,95246000.0,96045000.0,305907337794.1537,3179.44418004,2328000.0,2328000.0,0.0,630928.5714285715,974571.4285714285,0.6473907944884199,39.29794901454821,0,0,,,0.0,0.0,1.6821784932030728,1.6754632097970725,2.6420051623420706
206,2024-04-24,96071000.0,96627000.0,92734000.0,93534000.0,340438754437.031,3593.11116027,-1168000.0,0.0,1168000.0,630928.5714285715,869357.1428571428,0.7257415167200724,42.05389449628642,0,0,,,-0.0,-0.0,1.6821784932030728,1.6754632097970725,2.610270343703299
207,2024-04-25,93518000.0,94319000.0,91213000.0,92745000.0,348460853187.8564,3762.56315286,-2553000.0,0.0,2553000.0,545785.7142857143,1051714.2857142857,0.5189486552567237,34.164989939637834,0,0,,,-0.0,-0.0,1.6821784932030728,1.6754632097970725,2.54090476837386
208,2024-04-26,92761000.0,93000000.0,91465000.0,91951000.0,186024518912.63318,2016.93752002,-757000.0,0.0,757000.0,545785.7142857143,1101571.4285714286,0.4954610296978343,33.13098903004813,0,0,,,-0.0,-0.0,1.6821784932030728,1.6754632097970725,2.5203369107458204
209,2024-04-27,91955000.0,92175000.0,90292000.0,91499000.0,223315339244.9676,2455.80711714,-806000.0,0.0,806000.0,545785.7142857143,1095071.4285714286,0.4984019307285891,33.26223228277904,0,0,,,-0.0,-0.0,1.6821784932030728,1.6754632097970725,2.4984377122673527
210,2024-04-28,91499000.0,92630000.0,90153000.0,90530000.0,169995089305.7691,1861.37990104,-456000.0,0.0,456000.0,545785.7142857143,945285.7142857143,0.5773764545866708,36.603592814371254,0,0,,,-0.0,-0.0,1.6821784932030728,1.6754632097970725,2.486048091291942
211,2024-04-29,90533000.0,92000000.0,88500000.0,91400000.0,417019267508.9052,4650.34162208,-966000.0,0.0,966000.0,414428.5714285714,1014285.7142857143,0.4085915492957746,29.007099290070983,0,0,,,-0.0,-0.0,1.6821784932030728,1.6754632097970725,2.4598016573835055
212,2024-04-30,91400000.0,92540000.0,85606000.0,87137000.0,647143762714.2603,7328.91773497,867000.0,867000.0,0.0,476357.14285714284,842785.7142857143,0.5652173913043478,36.11111111111111,1,1,91400000.0,,0.0,0.0,1.6821784932030728,1.6754632097970725,2.483358239369649
213,2024-05-01,87152000.0,87625000.0,80005000.0,83499000.0,1247874579269.3682,15078.237548,-4248000.0,0.0,4248000.0,476357.14285714284,1079571.4285714286,0.4412465263993648,30.61561768351467,0,1,91400000.0,,-0.046477024070021855,-0.04838026354293601,1.6039958428844006,1.5944038581505966,2.3679391387039788
214,2024-05-02,83499000.0,84000000.0,80601000.0,83078000.0,462472415374.88916,5609.70236742,-3653000.0,0.0,3653000.0,476357.14285714284,1043500.0,0.4564994181668834,31.34223141272676,0,0,91400000.0,83499000.0,-0.041915274463007135,-0.043831443914081114,1.5367639168923783,1.5245188348656742,2.2686863197935048
215,2024-05-03,83096000.0,89821000.0,82807000.0,89291000.0,693338249542.2839,8040.2538403,-403000.0,0.0,403000.0,336857.14285714284,1072285.7142857143,0.31414868105515587,23.9051094890511,0,0,,,-0.0,-0.0,1.5367639168923783,1.5245188348656742,2.257736720554271
216,2024-05-04,89291000.0,91123000.0,87910000.0,90303000.0,377188650331.0702,4208.08896117,6195000.0,6195000.0,0.0,779357.1428571428,1072142.857142857,0.7269153897401732,42.09328343813896,1,1,89291000.0,,0.0,0.0,1.5367639168923783,1.5245188348656742,2.426056242358374
217,2024-05-05,90303000.0,90759000.0,88331000.0,90061000.0,228798229172.96234,2550.73818403,1012000.0,1012000.0,0.0,748071.4285714285,1072142.857142857,0.6977348434377082,41.09798689322293,0,1,89291000.0,,0.011333729043240703,0.009315098845549485,1.554181182729866,1.5387198785043499,2.4535525064529264
218,2024-05-06,90100000.0,91681000.0,88500000.0,88804000.0,359037836997.4739,3986.16458238,-203000.0,0.0,203000.0,743000.0,1086642.857142857,0.683757312824558,40.60901815342573,0,1,90303000.0,,-0.002247987331539414,-0.002247987331539414,1.5506874031201723,1.5352608557106842,2.4480369515011535
219,2024-05-07,88780000.0,90157000.0,87500000.0,87595000.0,259678493158.40872,2916.803769,-1320000.0,0.0,1320000.0,576714.2857142857,1180928.5714285714,0.48835662009314706,32.81180151989271,0,1,90303000.0,,-0.014650388457269736,-0.014650388457269736,1.527969230288667,1.5127686877912823,2.412172259203911
220,2024-05-08,87595000.0,88566000.0,85109000.0,85872000.0,332700514292.9092,3819.52775807,-1185000.0,0.0,1185000.0,576714.2857142857,1182142.857142857,0.4878549848942598,32.78914879792073,0,1,90303000.0,,-0.01334760081099351,-0.01334760081099351,1.5075745069512927,1.4925768552272738,2.379975546800705
221,2024-05-09,85872000.0,88500000.0,85020000.0,88116000.0,267645945872.65704,3096.80934359,-1723000.0,0.0,1723000.0,576714.2857142857,1122857.142857143,0.5136132315521628,33.932924266621825,0,1,90303000.0,,-0.019670072492722235,-0.019670072492722235,1.4779204071113807,1.463217760283994,2.333161255264229
222,2024-05-10,88116000.0,88480000.0,85120000.0,85842000.0,284534708229.2591,3277.85722892,2244000.0,2244000.0,0.0,737000.0,1068785.7142857143,0.6895676000801978,40.81325896918634,0,1,90303000.0,,0.026131917272219196,0.026131917272219196,1.5165413009249398,1.5014544457469772,2.3941312321695407
223,2024-05-11,85842000.0,86500000.0,85209000.0,85791000.0,111471508154.94107,1299.78149293,-2274000.0,0.0,2274000.0,737000.0,1173642.857142857,0.6279593451402836,38.57340461325657,0,1,90303000.0,,-0.02580689091651911,-0.02580689091651911,1.477404085001574,1.4627065746494623,2.33234614862111
224,2024-05-12,85791000.0,86978000.0,85618000.0,86521000.0,89929598339.25037,1042.82371152,-51000.0,0.0,51000.0,737000.0,1144714.2857142857,0.6438287782353675,39.166413604615855,0,1,90303000.0,,-0.0005941147689941806,-0.0005941147689941806,1.4765263374149022,1.4618375590707582,2.3309604673278073
225,2024-05-13,86521000.0,88485000.0,85410000.0,87928000.0,269283280046.10648,3085.90700562,730000.0,730000.0,0.0,789142.8571428572,1075714.2857142857,0.7335989375830013,42.316531331392675,0,1,90303000.0,,0.00850905106596267,0.00850905106596267,1.4890901754202044,1.4742764095110334,2.3507947289770397
226,2024-05-14,87934000.0,88225000.0,85801000.0,86500000.0,239136551619.17407,2756.81157854,1413000.0,1413000.0,0.0,828142.8571428572,1075714.2857142857,0.7698539176626826,43.49816162677272,0,1,90303000.0,,0.016331295292472348,0.016331295292472348,1.5134089467921112,1.4983532528974841,2.3891862518679514
227,2024-05-15,86500000.0,92444000.0,86200000.0,92111000.0,473734749005.6969,5272.78652607,-1434000.0,0.0,1434000.0,828142.8571428572,874714.2857142857,0.9467581251020742,48.63255033557047,0,1,90303000.0,,-0.016307685309436604,-0.016307685309436604,1.4887287499433397,1.4739185795668612,2.3502241543268565
228,2024-05-16,92111000.0,92860000.0,90250000.0,90800000.0,334699904978.9205,3657.22884649,5611000.0,5611000.0,0.0,1228928.5714285714,613785.7142857143,2.002211102059816,66.69121637336227,0,1,90303000.0,,0.06486705202312137,0.06486705202312137,1.5852981952142309,1.56952733274547,2.502676266811573
229,2024-05-17,90839000.0,93123000.0,90700000.0,92646000.0,249519198606.6008,2713.8193315,-1272000.0,0.0,1272000.0,1228928.5714285714,675857.1428571428,1.8183259353202281,64.51794352570593,0,1,92111000.0,,-0.013809425584349277,-0.013809425584349277,1.5634061377584167,1.547853061841319,2.4681157451433213
230,2024-05-18,92632000.0,93500000.0,92337000.0,93066000.0,169295118960.64792,1821.32715047,1793000.0,1793000.0,0.0,914500.0,675857.1428571428,1.3530965969139717,57.502807096339545,0,1,92111000.0,,0.019738218166206245,0.019738218166206245,1.5942649891878782,1.5784049232651733,2.516831952180409
231,2024-05-19,93066000.0,93990000.0,91843000.0,92185000.0,217037553806.18616,2335.8484853200002,434000.0,434000.0,0.0,873214.2857142857,675857.1428571428,1.292010145846544,56.37017568128372,0,1,92632000.0,,0.004685205976336482,0.004685205976336482,1.6017344490430852,1.5858000754447343,2.528623828284199
232,2024-05-20,92185000.0,97264000.0,91931000.0,97260000.0,416886189056.5984,4413.1861654,-881000.0,0.0,881000.0,873214.2857142857,724285.7142857143,1.2056213017751478,54.66130114017438,0,1,93066000.0,,-0.009466400189113156,-0.009466400189113156,1.5865717897517546,1.5707882573106486,2.5046868631979335
233,2024-05-21,97260000.0,98150000.0,95571000.0,96700000.0,447572373508.3656,4609.75650446,5075000.0,5075000.0,0.0,1235714.2857142857,630000.0,1.9614512471655328,66.23277182235834,0,1,93066000.0,,0.05505234040245166,0.05505234040245166,1.6739162799940952,1.6572638271522884,2.642575736992255
234,2024-05-22,96717000.0,96999000.0,94640000.0,95421000.0,268537986813.09387,2799.80156982,-543000.0,0.0,543000.0,1235714.2857142857,584142.8571428572,2.115431645879188,67.90171913022999,0,1,97260000.0,,-0.005582973473164721,-0.005582973473164721,1.6645708498065896,1.6480113671672616,2.6278223067517987
235,2024-05-23,95421000.0,96881000.0,93000000.0,94900000.0,417507248596.06085,4396.1343619,-1296000.0,0.0,1296000.0,1235714.2857142857,553642.8571428572,2.2319700683782737,69.05911939643127,0,1,97260000.0,,-0.013399919352337197,-0.013399919352337197,1.64226573466293,1.6259281477554852,2.592609699769052
236,2024-05-24,94897000.0,96160000.0,93300000.0,95214000.0,235509732034.2646,2489.94183313,-524000.0,0.0,524000.0,1075428.5714285714,591071.4285714285,1.8194561933534743,64.53216750246453,0,1,97260000.0,,-0.005491453663239776,-0.005491453663239776,1.633247308478302,1.6169994386723288,2.5783725037359044
237,2024-05-25,95214000.0,96598000.0,95192000.0,96240000.0,139437862033.11826,1452.89641348,317000.0,317000.0,0.0,1098071.4285714286,428642.85714285716,2.5617397100483252,71.9238326939272,0,1,97260000.0,,0.003340463871355226,0.003340463871355226,1.6387031121052618,1.6224009668772152,2.58698546393153
238,2024-05-26,96240000.0,96590000.0,95400000.0,95610000.0,152194945654.3936,1583.87158304,1026000.0,1026000.0,0.0,1171357.142857143,425000.0,2.7561344537815127,73.37688487180634,0,1,97260000.0,,0.010775726258743568,0.010775726258743568,1.6563613282606593,1.639883515578205,2.6148621111262047
239,2024-05-27,95634000.0,97360000.0,95050000.0,96050000.0,256303977047.8687,2667.48347563,-606000.0,0.0,606000.0,1119214.2857142857,468285.71428571426,2.3900244051250765,70.50168728908886,0,1,97260000.0,,-0.006296758104738176,-0.006296758104738176,1.645931621642559,1.6295575657606614,2.598396956935198
240,2024-05-28,96050000.0,96119000.0,93654000.0,94600000.0,300604135784.2556,3176.96320333,416000.0,416000.0,0.0,1048000.0,468285.71428571426,2.237949969493594,69.11626154136047,-1,0,97260000.0,96050000.0,0.00434991739339563,0.0023412175586088324,1.6530912882318818,1.633372714546384,2.6096997690531167
241,2024-05-29,94654000.0,95232000.0,93440000.0,93910000.0,233226273178.99045,2475.18788783,-1396000.0,0.0,1396000.0,1048000.0,465571.4285714286,2.250997238416692,69.24020764511562,0,0,,,-0.0,-0.0,1.6530912882318818,1.633372714546384,2.5717701399266395
242,2024-05-30,93910000.0,96120000.0,93620000.0,94943000.0,255996014541.8591,2703.78621192,-744000.0,0.0,744000.0,647214.2857142857,518714.28571428574,1.2477278986505094,55.510629173558776,0,0,,,-0.0,-0.0,1.6530912882318818,1.633372714546384,2.551555495177285
243,2024-05-31,95005000.0,96000000.0,93700000.0,94505000.0,209050615252.5121,2203.22332533,1095000.0,1095000.0,0.0,725428.5714285715,427857.14285714284,1.6954924874791322,62.90102811841943,0,0,,,0.0,0.0,1.6530912882318818,1.633372714546384,2.581306887651134
244,2024-06-01,94504000.0,94850000.0,94361000.0,94720000.0,58706044440.81196,620.25035104,-501000.0,0.0,501000.0,597357.1428571428,463642.85714285716,1.2883993221383454,56.30133297428302,0,0,,,-0.0,-0.0,1.6530912882318818,1.633372714546384,2.5676946067110444
245,2024-06-02,94762000.0,95626000.0,94500000.0,95000000.0,105872261448.48648,1113.85982666,258000.0,258000.0,0.0,584785.7142857143,463642.85714285716,1.2612848559543983,55.7773538629241,0,0,,,0.0,0.0,1.6530912882318818,1.633372714546384,2.574704523841869
246,2024-06-03,95000000.0,97358000.0,94825000.0,95994000.0,267415381863.87976,2779.47684838,238000.0,238000.0,0.0,601785.7142857143,400714.28571428574,1.5017825311942958,60.028500178126116,0,0,,,0.0,0.0,1.6530912882318818,1.633372714546384,2.5811710365439473
247,2024-06-04,95994000.0,97927000.0,95520000.0,97500000.0,261246188651.128,2699.30531296,994000.0,994000.0,0.0,310285.71428571426,400714.28571428574,0.7743315508021389,43.64074743821579,0,0,,,0.0,0.0,1.6530912882318818,1.633372714546384,2.6081782366526283
248,2024-06-05,97490000.0,98989000.0,97280000.0,98385000.0,266052740201.06946,2709.00469092,1496000.0,1496000.0,0.0,417142.85714285716,361928.5714285714,1.1525557529109929,53.543595855872375,0,0,,,0.0,0.0,1.6530912882318818,1.633372714546384,2.648824887922836
249,2024-06-06,98385000.0,99400000.0,98009000.0,98334000.0,219522291452.61084,2226.53984487,895000.0,895000.0,0.0,481071.4285714286,269357.14285714284,1.7859984089101035,64.10622501427756,0,0,,,0.0,0.0,1.6530912882318818,1.633372714546384,2.673142236109224
250,2024-06-07,98320000.0,99650000.0,97219000.0,97919000.0,326990960605.8829,3319.13194888,-65000.0,0.0,65000.0,481071.4285714286,236571.42857142858,2.033514492753623,67.03493580173186,0,0,,,-0.0,-0.0,1.6530912882318818,1.633372714546384,2.6713761717157993
251,2024-06-08,97919000.0,98278000.0,97750000.0,98125000.0,106163964517.00305,1083.63453147,-401000.0,0.0,401000.0,458428.5714285714,265214.28571428574,1.728521411257743,63.350113512979966,0,0,,,-0.0,-0.0,1.6530912882318818,1.633372714546384,2.66048091291944
252,2024-06-09,98137000.0,98400000.0,97710000.0,97983000.0,88498186805.20483,903.04585461,218000.0,218000.0,0.0,400714.28571428574,265214.28571428574,1.5109076218691084,60.173763809932424,0,0,,,0.0,0.0,1.6530912882318818,1.633372714546384,2.666404021192773
253,2024-06-10,97983000.0,98031000.0,96980000.0,97276000.0,145257348150.08334,1491.30862127,-154000.0,0.0,154000.0,400714.28571428574,232928.57142857142,1.7203311867525302,63.23977003719987,0,0,,,-0.0,-0.0,1.6530912882318818,1.633372714546384,2.662219807091428
254,2024-06-11,97279000.0,97350000.0,93821000.0,95329000.0,369758493289.9728,3889.452394,-704000.0,0.0,704000.0,371000.0,283214.28571428574,1.3099621689785623,56.709247734468825,0,0,,,-0.0,-0.0,1.6530912882318818,1.633372714546384,2.6430919711995653
255,2024-06-12,95329000.0,98204000.0,94502000.0,95934000.0,327467722850.80164,3395.5395752599998,-1950000.0,0.0,1950000.0,371000.0,322785.71428571426,1.1493693294976766,53.474724595902394,0,0,,,-0.0,-0.0,1.6530912882318818,1.633372714546384,2.590110039396821
256,2024-06-13,95930000.0,96356000.0,94107000.0,94614000.0,205687345192.51294,2161.15981221,601000.0,601000.0,0.0,413928.5714285714,269642.85714285716,1.5350993377483442,60.55381400208986,0,0,,,0.0,0.0,1.6530912882318818,1.633372714546384,2.606439342480641
257,2024-06-14,94614000.0,95202000.0,93001000.0,93978000.0,210323777357.75565,2232.32985005,-1316000.0,0.0,1316000.0,335714.28571428574,363642.85714285716,0.9231978000392851,48.003268307629455,0,0,,,-0.0,-0.0,1.6530912882318818,1.633372714546384,2.5706833310691484
258,2024-06-15,93979000.0,94268000.0,93546000.0,93910000.0,85103451469.52345,906.41818634,-635000.0,0.0,635000.0,335714.28571428574,373214.28571428574,0.8995215311004785,47.3551637279597,0,0,,,-0.0,-0.0,1.6530912882318818,1.633372714546384,2.55343024045646
259,2024-06-16,93913000.0,94708000.0,93611000.0,94219000.0,79272815452.88979,841.90412208,-66000.0,0.0,66000.0,317285.71428571426,377928.5714285714,0.8395388395388395,45.6385492653858,0,0,,,-0.0,-0.0,1.6530912882318818,1.633372714546384,2.551637005841598
260,2024-06-17,94219000.0,94442000.0,91559000.0,93588000.0,307092672708.7484,3306.85987741,306000.0,306000.0,0.0,322142.85714285716,377928.5714285714,0.8523908523908524,46.015712682379345,0,0,,,0.0,0.0,1.6530912882318818,1.633372714546384,2.5599510936014127
261,2024-06-18,93589000.0,93699000.0,90638000.0,91649000.0,283289620632.5299,3084.47656922,-630000.0,0.0,630000.0,251142.85714285713,422928.5714285714,0.593818611720993,37.25760305181732,0,0,,,-0.0,-0.0,1.6530912882318818,1.633372714546384,2.542833854095911
262,2024-06-19,91649000.0,92727000.0,91170000.0,91555000.0,157280746104.31015,1711.11748826,-1940000.0,0.0,1940000.0,144285.7142857143,561500.0,0.2569647627528304,20.44327497216881,0,0,,,-0.0,-0.0,1.6530912882318818,1.633372714546384,2.4901236245075395
263,2024-06-20,91549000.0,93581000.0,91500000.0,91780000.0,183662665916.08588,1989.14998554,-100000.0,0.0,100000.0,80357.14285714286,568642.8571428572,0.14131390528828036,12.381686110499672,0,0,,,-0.0,-0.0,1.6530912882318818,1.633372714546384,2.487406602363809
264,2024-06-21,91753000.0,92031000.0,89501000.0,90308000.0,245462226021.85233,2713.72122916,204000.0,204000.0,0.0,94928.57142857143,564000.0,0.1683130699088146,14.40650406504065,0,0,,,0.0,0.0,1.6530912882318818,1.633372714546384,2.492949327537019
265,2024-06-22,90308000.0,91086000.0,90141000.0,90874000.0,58876597356.40121,648.51462524,-1445000.0,0.0,1445000.0,94928.57142857143,638571.4285714285,0.1486577181208054,12.941863862109258,0,0,,,-0.0,-0.0,1.6530912882318818,1.633372714546384,2.453688357560114
266,2024-06-23,90874000.0,91382000.0,89033000.0,89046000.0,97216083240.50478,1076.73789827,566000.0,566000.0,0.0,119785.71428571429,638571.4285714285,0.18758389261744968,15.795422435716318,0,0,,,0.0,0.0,1.6530912882318818,1.633372714546384,2.469066702893629
267,2024-06-24,89100000.0,89441000.0,83101000.0,85496000.0,642782780185.859,7434.8292641,-1774000.0,0.0,1774000.0,119785.71428571429,754285.7142857143,0.1588068181818182,13.704339298847742,0,0,,,-0.0,-0.0,1.6530912882318818,1.633372714546384,2.4208667300638504
268,2024-06-25,85495000.0,87981000.0,85032000.0,87450000.0,290625255002.558,3359.06885104,-3605000.0,0.0,3605000.0,119785.71428571429,961500.0,0.12458212614218855,11.078081648830747,0,0,,,-0.0,-0.0,1.6530912882318818,1.633372714546384,2.3229180817823667
269,2024-06-26,87463000.0,88356000.0,85930000.0,86027000.0,170172602843.6051,1958.86652444,1968000.0,1968000.0,0.0,260357.14285714287,822214.2857142857,0.3166536356528538,24.049881235154388,0,0,,,0.0,0.0,1.6530912882318818,1.633372714546384,2.376389077570982
270,2024-06-27,86092000.0,87957000.0,85396000.0,86884000.0,162614405577.3093,1879.37091558,-1371000.0,0.0,1371000.0,217428.57142857142,920142.8571428572,0.23629871138022046,19.113399472560587,0,0,,,-0.0,-0.0,1.6530912882318818,1.633372714546384,2.339138703980437
271,2024-06-28,86875000.0,87510000.0,84740000.0,85158000.0,181740242265.76205,2112.30766272,783000.0,783000.0,0.0,273357.14285714284,826142.8571428572,0.33088362441639285,24.861950237120766,0,0,,,0.0,0.0,1.6530912882318818,1.633372714546384,2.360412987365847
272,2024-06-29,85157000.0,86000000.0,85102000.0,85765000.0,64278180308.71439,750.29847644,-1718000.0,0.0,1718000.0,273357.14285714284,903500.0,0.30255356154636726,23.227725176013593,0,0,,,-0.0,-0.0,1.6530912882318818,1.633372714546384,2.3137345469365576
273,2024-06-30,85765000.0,88490000.0,85370000.0,87920000.0,122284229060.17992,1407.83744184,608000.0,608000.0,0.0,316785.71428571426,898785.7142857143,0.35245966780576965,26.060641673522156,0,0,,,0.0,0.0,1.6530912882318818,1.633372714546384,2.3302540415704387
274,2024-07-01,87920000.0,89644000.0,87609000.0,88253000.0,187910215069.42743,2120.4777823599998,2155000.0,2155000.0,0.0,448857.14285714284,898785.7142857143,0.49940395772073426,33.3068320347697,1,1,87920000.0,,0.0,0.0,1.6530912882318818,1.633372714546384,2.38880586876783
275,2024-07-02,88259000.0,88847000.0,86987000.0,87248000.0,133974236157.29668,1525.13237149,339000.0,339000.0,0.0,473071.4285714286,853785.7142857143,0.5540868401238183,35.65353143841516,0,1,87920000.0,,0.0038557779799817116,0.0018520738323171138,1.6594652412199458,1.6363978414094162,2.398016573835076
276,2024-07-03,87270000.0,87623000.0,84508000.0,85331000.0,241696760888.49173,2823.97617467,-989000.0,0.0,989000.0,473071.4285714286,785857.1428571428,0.6019814579167424,37.57730496453901,0,1,88259000.0,,-0.011205656080399695,-0.011205656080399695,1.6408698444494576,1.6180609299878739,2.371145224833582
277,2024-07-04,85331000.0,85592000.0,81207000.0,81680000.0,508714299967.0383,6151.28764968,-1939000.0,0.0,1939000.0,473071.4285714286,917214.2857142857,0.5157697998598241,34.026921496095355,0,1,88259000.0,,-0.02221840265841646,-0.02221840265841646,1.6044123375354264,1.5821102007195516,2.3184621654666477
278,2024-07-05,81680000.0,82544000.0,77335000.0,81118000.0,771379661181.4397,9719.19667539,-3651000.0,0.0,3651000.0,458500.0,1178000.0,0.3892190152801358,28.017109685304007,0,0,88259000.0,81680000.0,-0.04278632618860667,-0.04470075353622949,1.5357654279206108,1.5113886825700322,2.2192636869990485
279,2024-07-06,81118000.0,83202000.0,79938000.0,82826000.0,217020180860.6007,2664.49967064,-562000.0,0.0,562000.0,458500.0,1114928.5714285714,0.41123710679736053,29.14018521881242,0,0,,,-0.0,-0.0,1.5357654279206108,1.5113886825700322,2.2039940225512833
280,2024-07-07,82850000.0,82940000.0,79280000.0,79397000.0,205364943238.90503,2527.24731033,1732000.0,1732000.0,0.0,541785.7142857143,1114928.5714285714,0.48593760010250503,32.7024230404415,1,1,82850000.0,,0.0,0.0,1.5357654279206108,1.5113886825700322,2.251052846080695
281,2024-07-08,79397000.0,82700000.0,77880000.0,80534000.0,407495808244.1024,5094.76571434,-3453000.0,0.0,3453000.0,541785.7142857143,1234857.142857143,0.4387436372049977,30.494914163952885,0,1,82850000.0,,-0.04167773083886539,-0.0435905497393867,1.4717582097841007,1.4455064190269171,2.157234071457682
282,2024-07-09,80499000.0,82300000.0,80000000.0,82043000.0,207188813320.79987,2547.62184575,1102000.0,1102000.0,0.0,620500.0,977357.1428571428,0.6348753928232113,38.83325882878856,0,1,82850000.0,,0.013879617617794215,0.013879617617794215,1.4921856509617533,1.4655694953870777,2.187175655481592
283,2024-07-10,82043000.0,83825000.0,81096000.0,81896000.0,241533427852.04196,2927.47972497,1544000.0,1544000.0,0.0,590214.2857142857,977357.1428571428,0.6038880362493605,37.651508247516624,0,1,82850000.0,,0.019180362488975033,0.019180362488975033,1.5208063126480469,1.493679649561386,2.2291264773807904
284,2024-07-11,81926000.0,83795000.0,81000000.0,81070000.0,240656104086.51352,2930.42730849,-117000.0,0.0,117000.0,590214.2857142857,887785.7142857143,0.6648161557647437,39.93330755847671,0,1,82850000.0,,-0.001426081445095817,-0.001426081445095817,1.518637518983995,1.4915495407282293,2.225947561472626
285,2024-07-12,81070000.0,82309000.0,80085000.0,81540000.0,162370294145.94073,2003.05277025,-856000.0,0.0,856000.0,534285.7142857143,948928.5714285715,0.5630410237109522,36.02215266072719,0,1,82850000.0,,-0.010448453482410969,-0.010448453482410969,1.5027701055102467,1.475965154735219,2.202689851922293
286,2024-07-13,81548000.0,83700000.0,81300000.0,82901000.0,139900580321.58945,1698.9670231,478000.0,478000.0,0.0,568428.5714285715,826214.2857142857,0.6879917005273624,40.75800256081946,0,1,82850000.0,,0.005896139139015766,0.005896139139015766,1.5116306471462886,1.4846676506518768,2.215677217769325
287,2024-07-14,82901000.0,86000000.0,82860000.0,85430000.0,267061160893.37726,3162.56205447,1353000.0,1353000.0,0.0,621642.8571428572,826214.2857142857,0.7523990663093283,42.93537247163296,0,1,82850000.0,,0.016591455339186822,0.016591455339186822,1.5367107995177622,1.5093004476712029,2.2524385273739984
288,2024-07-15,85430000.0,91294000.0,85269000.0,91162000.0,449269971924.1909,5087.5047679,2529000.0,2529000.0,0.0,648357.1428571428,826214.2857142857,0.7847324284602749,43.96919201705096,0,1,82901000.0,,0.030506266510657243,0.030506266510657243,1.5835901087176563,1.5553435693725148,2.321152017388942
289,2024-07-16,91162000.0,91544000.0,87300000.0,90807000.0,557878343297.2963,6229.90082082,5732000.0,5732000.0,0.0,1033571.4285714285,826214.2857142857,1.2509725944497276,55.57475899681223,0,1,85430000.0,,0.06709586796207412,0.06709586796207412,1.6898424615582228,1.6597006961387941,2.4768917266675725
290,2024-07-17,90825000.0,92159000.0,89380000.0,89467000.0,335601755804.37213,3690.86942876,-337000.0,0.0,337000.0,1033571.4285714285,779642.8571428572,1.325698579935868,57.00216663383888,0,1,91162000.0,,-0.0036967157368201775,-0.0036967157368201775,1.6835955943378336,1.6535652544569663,2.467735362043201
291,2024-07-18,89452000.0,91200000.0,89049000.0,89850000.0,231608554045.43936,2571.16592106,-1373000.0,0.0,1373000.0,1033571.4285714285,739214.2857142857,1.3982027249009565,58.302107256537326,0,1,91162000.0,,-0.015116983209468748,-0.015116983209468748,1.658144708006693,1.6285683362695795,2.4304306480097817
292,2024-07-19,89850000.0,94073000.0,88675000.0,93004000.0,385983610442.7926,4216.76104722,398000.0,398000.0,0.0,1062000.0,478428.5714285714,2.219767094655121,68.94185291662802,0,1,91162000.0,,0.004449313598354321,0.004449313598354321,1.6655223138040662,1.635814347513993,2.441244396141829
293,2024-07-20,93004000.0,94624000.0,92736000.0,94065000.0,184106522945.32446,1966.82922042,3154000.0,3154000.0,0.0,1287285.7142857143,438285.71428571426,2.937092568448501,74.60054640284793,0,1,91162000.0,,0.035102949360044544,0.035102949360044544,1.7239870592435547,1.693236255717211,2.526939274555088
294,2024-07-21,94073000.0,95299000.0,92413000.0,95000000.0,282511677391.88605,2999.30004219,1069000.0,1069000.0,0.0,1239928.5714285714,438285.71428571426,2.8290417209908734,73.88380506490742,0,1,93004000.0,,0.0114941292847619,0.0114941292847619,1.7438027893877566,1.7126985321500707,2.5559842412715668
295,2024-07-22,95000000.0,95353000.0,93050000.0,94357000.0,270086053980.06497,2864.06872329,927000.0,927000.0,0.0,1306142.857142857,191642.85714285713,6.815505031680954,87.20492155086079,0,1,94073000.0,,0.009854049514738561,0.009854049514738561,1.7609863084183228,1.7295755482896975,2.581171036543948
296,2024-07-23,94284000.0,94748000.0,92000000.0,92230000.0,298055492452.224,3198.17266819,-716000.0,0.0,716000.0,1227428.5714285714,242785.7142857143,5.055604589585172,83.4863722489433,0,1,95000000.0,,-0.007536842105263175,-0.007536842105263175,1.7477140326622436,1.716540010473114,2.561717157994838
297,2024-07-24,92196000.0,93494000.0,91051000.0,91501000.0,287757546664.5858,3120.28733945,-2088000.0,0.0,2088000.0,1117142.857142857,391928.5714285714,2.85037361035174,74.02849434373077,0,1,95000000.0,,-0.022145857197403584,-0.022145857197403584,1.709009407273007,1.6785257605275468,2.5049857356337455
298,2024-07-25,91501000.0,93138000.0,89202000.0,92465000.0,384022678969.55927,4242.34259951,-695000.0,0.0,695000.0,1117142.857142857,433214.28571428574,2.578730420445177,72.05712969361898,0,1,95000000.0,,-0.00753828799514078,-0.00753828799514078,1.6961264021745783,1.6658725499374274,2.486102431734819
299,2024-07-26,92475000.0,95000000.0,92286000.0,94727000.0,306215486613.3734,3254.87216648,974000.0,974000.0,0.0,1186714.2857142857,372071.4285714286,3.189479746592436,76.13068780644275,0,1,95000000.0,,0.010644692407733247,0.010644692407733247,1.714181146010362,1.6836052508219976,2.5125662274147538
300,2024-07-27,94639000.0,96813000.0,93150000.0,94292000.0,467925032426.02423,4913.8384202199995,2164000.0,2164000.0,0.0,1307142.857142857,372071.4285714286,3.5131503167594547,77.84252839338126,0,1,95000000.0,,0.02340091916734255,0.02340091916734255,1.7542945604463331,1.7230031612061967,2.571362586605081
301,2024-07-28,94341000.0,95380000.0,93600000.0,95363000.0,194537737710.59518,2056.69856884,-298000.0,0.0,298000.0,1210500.0,393357.14285714284,3.0773560922462324,75.47430301950655,0,1,95000000.0,,-0.0031488075740445653,-0.0031488075740445653,1.7487706244472945,1.717577755802088,2.563265860616764
302,2024-07-29,95363000.0,97100000.0,93203000.0,93618000.0,456579708586.51715,4778.70828116,1022000.0,1022000.0,0.0,1102857.142857143,393357.14285714284,2.8037043762484113,73.70983911777343,0,1,95000000.0,,0.010833041837589263,0.010833041837589263,1.7677151297862792,1.7361843474900047,2.5910338269256896
303,2024-07-30,93605000.0,93878000.0,91825000.0,92788000.0,262705366724.15695,2825.61883321,-1758000.0,0.0,1758000.0,693428.5714285715,518928.5714285714,1.336269786648314,57.19672420903789,-1,0,95363000.0,93605000.0,-0.01843482272998964,-0.02039795308452963,1.7351276147315484,1.700769740623809,2.5432685776389077
304,2024-07-31,92790000.0,93298000.0,90345000.0,90345000.0,284977850977.3531,3099.02844262,-815000.0,0.0,815000.0,693428.5714285715,553071.4285714285,1.2537776055792331,55.63004985387658,0,0,,,-0.0,-0.0,1.7351276147315484,1.700769740623809,2.5211248471675045
305,2024-08-01,90346000.0,92300000.0,88001000.0,91789000.0,454095059912.4309,5048.04552891,-2444000.0,0.0,2444000.0,693428.5714285715,629571.4285714285,1.1014295439074202,52.41334629089731,0,0,,,-0.0,-0.0,1.7351276147315484,1.700769740623809,2.4547208259747317
306,2024-08-02,91789000.0,92200000.0,86377000.0,86691000.0,453754064161.6217,5089.66250349,1443000.0,1443000.0,0.0,768071.4285714285,629571.4285714285,1.2199909235307465,54.95477078755046,0,0,,,0.0,0.0,1.7351276147315484,1.700769740623809,2.4939274555087625
307,2024-08-03,86691000.0,87690000.0,85000000.0,85957000.0,350471535778.3624,4059.37513687,-5098000.0,0.0,5098000.0,542785.7142857143,993714.2857142857,0.5462190914318574,35.32611222165404,0,0,,,-0.0,-0.0,1.7351276147315484,1.700769740623809,2.355413666621383
308,2024-08-04,85954000.0,86311000.0,81684000.0,81871000.0,380290142556.4757,4532.63397761,-737000.0,0.0,737000.0,466428.5714285714,1046357.1428571428,0.4457642159874394,30.832428348836117,0,0,,,-0.0,-0.0,1.7351276147315484,1.700769740623809,2.3353892134220895
309,2024-08-05,81871000.0,82256000.0,72100000.0,77833000.0,1828233999514.335,23878.79267178,-4083000.0,0.0,4083000.0,400214.28571428574,1338000.0,0.29911381592995945,23.02445038011095,0,0,,,-0.0,-0.0,1.7351276147315484,1.700769740623809,2.2244531992935745
310,2024-08-06,77786000.0,82150000.0,77782000.0,80224000.0,630449026117.0752,7868.46700086,-4085000.0,0.0,4085000.0,400214.28571428574,1578642.857142857,0.2535179403646894,20.22451631533353,0,0,,,-0.0,-0.0,1.7351276147315484,1.700769740623809,2.113462844722185
311,2024-08-07,80166000.0,81950000.0,77782000.0,78388000.0,425826912725.80835,5316.47766092,2380000.0,2380000.0,0.0,570214.2857142857,1429500.0,0.3988907210313296,28.514787826832404,0,0,,,0.0,0.0,1.7351276147315484,1.700769740623809,2.17812797174297
312,2024-08-08,78386000.0,87980000.0,77941000.0,86397000.0,589875336679.084,7126.01269616,-1780000.0,0.0,1780000.0,570214.2857142857,1507000.0,0.37837709735519953,27.450912967229456,0,0,,,-0.0,-0.0,1.7351276147315484,1.700769740623809,2.1297649775845677
313,2024-08-09,86397000.0,86704000.0,84000000.0,85518000.0,332298406966.0832,3892.85974175,8011000.0,8011000.0,0.0,1072857.142857143,1507000.0,0.7119158214048725,41.58591284124259,1,1,86397000.0,,0.0,0.0,1.7351276147315484,1.700769740623809,2.347425621518816
314,2024-08-10,85522000.0,86370000.0,84760000.0,85669000.0,127296971385.76044,1489.63387466,-875000.0,0.0,875000.0,918285.7142857143,1569500.0,0.5850816911664316,36.911768928192025,0,1,86397000.0,,-0.010127666469900598,-0.012103459550798945,1.7175548209668332,1.6801845428629458,2.323651677761174
315,2024-08-11,85669000.0,86424000.0,82208000.0,82815000.0,225284918716.3791,2669.17265554,147000.0,147000.0,0.0,928785.7142857143,1548214.2857142857,0.5999077277970012,37.496395409193156,0,1,86397000.0,,0.0017188559668857017,0.0017188559668857017,1.7205070503193054,1.683072538089915,2.3276457003124578
316,2024-08-12,82816000.0,85000000.0,81000000.0,83221000.0,420485878758.05646,5072.09672139,-2853000.0,0.0,2853000.0,855785.7142857143,1752000.0,0.4884621656881931,32.81656577830124,0,1,86397000.0,,-0.03330259487095677,-0.03330259487095677,1.6632097010498967,1.6270218552154736,2.2501290585518277
317,2024-08-13,83207000.0,85770000.0,82050000.0,84600000.0,250426145464.81427,2989.81215206,391000.0,391000.0,0.0,883714.2857142857,1626428.5714285714,0.5433465085638999,35.20573672528599,0,1,86397000.0,,0.004721309891808412,0.004721309891808412,1.6710622294636153,1.6347035295946908,2.2607526151338138
318,2024-08-14,84587000.0,85950000.0,82218000.0,82457000.0,301026089757.4763,3583.12495297,1380000.0,1380000.0,0.0,982285.7142857143,1568214.2857142857,0.6263721248007288,38.513456745176015,0,1,86397000.0,,0.016585143076904618,0.016585143076904618,1.6987770356296805,1.6618153215213398,2.2982475207172945
319,2024-08-15,82440000.0,83555000.0,79500000.0,81004000.0,325801942348.10706,3986.43185704,-2147000.0,0.0,2147000.0,982285.7142857143,1547000.0,0.6349616769784837,38.836486868116346,0,1,86397000.0,,-0.025382150921536395,-0.025382150921536395,1.6556584205292877,1.6196348742267637,2.2399130552914013
320,2024-08-16,81044000.0,83400000.0,80296000.0,82209000.0,214699078822.88956,2629.8190762,-1396000.0,0.0,1396000.0,879214.2857142857,1646714.2857142857,0.5339203608918192,34.80756723128694,0,0,86397000.0,81044000.0,-0.01693352741387677,-0.018899660359048998,1.6276222832772391,1.5890243251982068,2.201983426164924
321,2024-08-17,82185000.0,83000000.0,82042000.0,82849000.0,73291253042.81598,887.07641461,1141000.0,1141000.0,0.0,960714.2857142857,1282571.4285714286,0.7490532412564045,42.82621155193275,0,0,,,0.0,0.0,1.6276222832772391,1.5890243251982068,2.2329846488248886
322,2024-08-18,82821000.0,83679000.0,81500000.0,81500000.0,143255575447.1464,1727.83371254,636000.0,636000.0,0.0,1006142.8571428572,1229928.5714285714,0.8180498286776237,44.99600702763137,0,0,,,0.0,0.0,1.6276222832772391,1.5890243251982068,2.2502649096590144
323,2024-08-19,81500000.0,81915000.0,80100000.0,81680000.0,214078811458.96536,2644.34129141,-1321000.0,0.0,1321000.0,1006142.8571428572,1032642.8571428572,0.974337691083904,49.35010335283607,0,0,,,-0.0,-0.0,1.6276222832772391,1.5890243251982068,2.214373047140335
324,2024-08-20,81678000.0,83400000.0,80501000.0,80751000.0,274100335212.1565,3339.76112482,178000.0,178000.0,0.0,1018857.1428571428,740857.1428571428,1.3752410335518703,57.89900957947719,0,0,,,0.0,0.0,1.6276222832772391,1.5890243251982068,2.219209346556175
325,2024-08-21,80751000.0,83600000.0,80567000.0,82900000.0,235879234125.4242,2882.78548851,-927000.0,0.0,927000.0,848857.1428571428,807071.4285714285,1.0517744933179929,51.261700383901996,0,0,,,-0.0,-0.0,1.6276222832772391,1.5890243251982068,2.1940225512837936
326,2024-08-22,82900000.0,83101000.0,81280000.0,82003000.0,176142420142.3459,2138.23568495,2149000.0,2149000.0,0.0,1002357.1428571428,679928.5714285715,1.4742094757852715,59.58305027173913,0,0,,,0.0,0.0,1.6276222832772391,1.5890243251982068,2.2524113571525617
327,2024-08-23,82003000.0,86500000.0,82002000.0,85600000.0,376889529927.51227,4485.27203937,-897000.0,0.0,897000.0,430142.85714285716,744000.0,0.5781490015360984,36.634627083586814,0,0,,,-0.0,-0.0,1.6276222832772391,1.5890243251982068,2.2280396685232993
328,2024-08-24,85600000.0,86390000.0,85155000.0,85767000.0,189010265920.50162,2204.28031834,3597000.0,3597000.0,0.0,687071.4285714285,681500.0,1.0081752436851483,50.20354906054279,0,0,,,0.0,0.0,1.6276222832772391,1.5890243251982068,2.3257709550332843
329,2024-08-25,85807000.0,86979000.0,85410000.0,86254000.0,145981547975.5474,1698.8163817,207000.0,207000.0,0.0,691357.1428571428,681500.0,1.014463892673724,50.359001040582726,0,0,,,0.0,0.0,1.6276222832772391,1.5890243251982068,2.3313951908708064
330,2024-08-26,86227000.0,86529000.0,84408000.0,84408000.0,192748229997.8137,2260.53739932,420000.0,420000.0,0.0,721357.1428571428,477714.28571428574,1.510017942583732,60.15964734616072,0,0,,,0.0,0.0,1.6276222832772391,1.5890243251982068,2.3428066838744743
331,2024-08-27,84408000.0,84794000.0,80121000.0,80950000.0,335829079690.97577,4066.7490567,-1819000.0,0.0,1819000.0,693428.5714285715,607642.8571428572,1.141177853532385,53.296733461432886,0,0,,,-0.0,-0.0,1.6276222832772391,1.5890243251982068,2.293384051080017
332,2024-08-28,80947000.0,81895000.0,79550000.0,80569000.0,310686076764.39667,3848.30364196,-3461000.0,0.0,3461000.0,594857.1428571428,854857.1428571428,0.695855614973262,41.03271580607016,0,0,,,-0.0,-0.0,1.6276222832772391,1.5890243251982068,2.1993479146855055
333,2024-08-29,80618000.0,82700000.0,80151000.0,80790000.0,206219103448.4138,2539.08247784,-329000.0,0.0,329000.0,594857.1428571428,725000.0,0.8204926108374384,45.06981275029765,0,0,,,-0.0,-0.0,1.6276222832772391,1.5890243251982068,2.190408911832632
334,2024-08-30,80745000.0,81250000.0,79225000.0,80439000.0,229386098042.93787,2858.21980495,127000.0,127000.0,0.0,603928.5714285715,625285.7142857143,0.9658441855151931,49.131268522284856,0,0,,,0.0,0.0,1.6276222832772391,1.5890243251982068,2.1938595299551698
335,2024-08-31,80439000.0,80823000.0,80009000.0,80262000.0,67710249599.81931,841.99580262,-306000.0,0.0,306000.0,522428.5714285714,647142.8571428572,0.8072847682119205,44.668376694759985,0,0,,,-0.0,-0.0,1.6276222832772391,1.5890243251982068,2.1855454421953544
336,2024-09-01,80300000.0,80370000.0,78300000.0,78301000.0,201464348305.40323,2541.94042215,-139000.0,0.0,139000.0,477000.0,657071.4285714285,0.7259484726600718,42.06084272847515,0,0,,,-0.0,-0.0,1.6276222832772391,1.5890243251982068,2.181768781415569
337,2024-09-02,78303000.0,80610000.0,78235000.0,80205000.0,174932522315.02856,2207.5986061,-1997000.0,0.0,1997000.0,477000.0,705357.1428571428,0.676253164556962,40.343140216274996,0,0,,,-0.0,-0.0,1.6276222832772391,1.5890243251982068,2.1275098492052713
338,2024-09-03,80247000.0,81101000.0,78250000.0,78272000.0,203978935020.43103,2562.51172354,1944000.0,1944000.0,0.0,603142.8571428572,705357.1428571428,0.8550886075949368,46.09421911676402,0,0,,,0.0,0.0,1.6276222832772391,1.5890243251982068,2.1803287596793917
339,2024-09-04,78270000.0,79300000.0,76248000.0,78739000.0,301711447734.27747,3895.41394663,-1977000.0,0.0,1977000.0,603142.8571428572,780357.1428571428,0.7729061784897026,43.59543600598895,0,0,,,-0.0,-0.0,1.6276222832772391,1.5890243251982068,2.1266132318978404
340,2024-09-05,78739000.0,79131000.0,76000000.0,76330000.0,227922886561.5563,2957.70339093,469000.0,469000.0,0.0,483142.85714285716,780357.1428571428,0.6191304347826088,38.23845327604727,0,0,,,0.0,0.0,1.6276222832772391,1.5890243251982068,2.139356065751936
341,2024-09-06,76330000.0,76860000.0,72200000.0,73644000.0,453955119507.9664,6081.77185166,-2409000.0,0.0,2409000.0,483142.85714285716,888357.1428571428,0.5438610597410951,35.22733190979636,0,0,,,-0.0,-0.0,1.6276222832772391,1.5890243251982068,2.073903002309469
342,2024-09-07,73644000.0,74580000.0,73078000.0,73640000.0,132925505237.01608,1801.62027481,-2686000.0,0.0,2686000.0,226214.2857142857,1080214.2857142857,0.20941612113998545,17.315472936030616,0,0,,,-0.0,-0.0,1.6276222832772391,1.5890243251982068,2.0009237875288686
343,2024-09-08,73640000.0,74880000.0,72992000.0,74437000.0,117599921455.3581,1592.04001829,-4000.0,0.0,4000.0,211428.57142857142,1080500.0,0.1956766047464798,16.365345275612313,0,0,,,-0.0,-0.0,1.6276222832772391,1.5890243251982068,2.0008151066431195
344,2024-09-09,74439000.0,78500000.0,74093000.0,77275000.0,235311917797.4669,3101.05486477,799000.0,799000.0,0.0,238500.0,1080500.0,0.22073114298935678,18.08188021228203,0,0,,,0.0,0.0,1.6276222832772391,1.5890243251982068,2.022524113571526
345,2024-09-10,77274000.0,78485000.0,76432000.0,78089000.0,169362601828.1939,2189.56080713,2835000.0,2835000.0,0.0,441000.0,950571.4285714285,0.46393146979260597,31.690791499846014,1,1,77274000.0,,0.0,0.0,1.6276222832772391,1.5890243251982068,2.099551691346285
346,2024-09-11,78091000.0,78200000.0,75380000.0,77301000.0,234573394617.97586,3055.31403806,817000.0,817000.0,0.0,499357.14285714284,703357.1428571428,0.7099624251040926,41.5191828008077,0,1,77274000.0,,0.010572767036778119,0.00855565572532746,1.6448307545021983,1.6026194702637735,2.121749762260563
347,2024-09-12,77363000.0,78830000.0,77300000.0,78269000.0,196214298456.70428,2510.01259415,-728000.0,0.0,728000.0,499357.14285714284,731857.1428571428,0.6823150497755222,40.558101757846494,0,1,78091000.0,,-0.009322457133344453,-0.009322457133344453,1.6294968903017448,1.5876791189511763,2.101969841054205
348,2024-09-13,78269000.0,81100000.0,77700000.0,80930000.0,225703375433.60367,2847.08604999,906000.0,906000.0,0.0,555000.0,731857.1428571428,0.7583447198906891,43.12833037300177,0,1,78091000.0,,0.011711024650026491,0.011711024650026491,1.6485799685512101,1.606272468249546,2.126586061676403
349,2024-09-14,80930000.0,81174000.0,80040000.0,80524000.0,106802968052.03972,1324.44479737,2661000.0,2661000.0,0.0,745071.4285714285,710000.0,1.0493963782696176,51.205144568258795,0,1,78269000.0,,0.033998134638234756,0.033998134638234756,1.704628612283911,1.6608827358907836,2.198886020921071
350,2024-09-15,80524000.0,81009000.0,79090000.0,79690000.0,103959710509.01263,1293.2025484600001,-406000.0,0.0,406000.0,745071.4285714285,729071.4285714285,1.0219457235230724,50.54268824498497,0,1,80930000.0,,-0.0050166810824169294,-0.0050166810824169294,1.6960770341721196,1.6525506168895274,2.187854911017525
351,2024-09-16,79691000.0,79860000.0,77740000.0,78469000.0,190805166243.93906,2425.49996851,-833000.0,0.0,833000.0,745071.4285714285,645928.5714285715,1.1534888864314938,53.56372599363253,0,1,80930000.0,,-0.010344741940291113,-0.010344741940291113,1.6785315549427549,1.6354554072145364,2.1652221165602503
352,2024-09-17,78468000.0,82364000.0,77774000.0,81116000.0,246315657168.2539,3063.50091322,-1223000.0,0.0,1223000.0,606214.2857142857,733285.7142857143,0.8267095265926359,45.25675891857303,0,1,80930000.0,,-0.01534677692587616,-0.01534677692587616,1.6527715056060044,1.610356437907797,2.1319929357424265
353,2024-09-18,81116000.0,82618000.0,80008000.0,82604000.0,272656090815.34293,3362.15013751,2648000.0,2648000.0,0.0,795357.1428571428,592071.4285714285,1.3433466039329232,57.325988467874794,0,1,80930000.0,,0.03374624050568387,0.03374624050568387,1.7085463303351258,1.6646999135613099,2.2039396821084094
354,2024-09-19,82602000.0,85000000.0,82286000.0,83892000.0,380397446780.82184,4549.0273458,1486000.0,1486000.0,0.0,868000.0,592071.4285714285,1.4660393292315117,59.44914632356539,0,1,81116000.0,,0.018319443759554188,0.018319443759554188,1.7398459487442928,1.695196290004331,2.244314631164244
355,2024-09-20,83891000.0,85478000.0,83377000.0,84385000.0,275217777612.6938,3257.11829911,1289000.0,1289000.0,0.0,960071.4285714285,420000.0,2.2858843537414963,69.5667926090782,0,1,82602000.0,,0.015604949032711035,0.015604949032711035,1.7669961560992162,1.7216497417102894,2.27933704659693
356,2024-09-21,84384000.0,84750000.0,84000000.0,84425000.0,89952936852.66151,1066.57067251,493000.0,493000.0,0.0,995285.7142857143,228142.85714285713,4.362554790231685,81.352171882298,0,1,83891000.0,,0.0058766733022612705,0.0058766733022612705,1.7773802152349627,1.7317673147832433,2.292731965765521
357,2024-09-22,84429000.0,85500000.0,83401000.0,84829000.0,157468215075.89536,1869.26119943,45000.0,45000.0,0.0,998500.0,227857.14285714287,4.382131661442006,81.42000116489021,0,1,84384000.0,,0.0005332764505119325,0.0005332764505119325,1.7783280502473533,1.7326908255099835,2.2939546257302
358,2024-09-23,84838000.0,86250000.0,83832000.0,84631000.0,226181555032.54324,2655.34388664,409000.0,409000.0,0.0,970642.8571428572,227857.14285714287,4.25987460815047,80.9881399368258,0,1,84429000.0,,0.0048443070508947805,0.0048443070508947805,1.7869428173599706,1.7410845118930223,2.3050672462980573
359,2024-09-24,84630000.0,85750000.0,84009000.0,85248000.0,169441365824.40887,1998.91561289,-208000.0,0.0,208000.0,768142.8571428572,242714.2857142857,3.164802825191289,75.98925946862634,0,1,84838000.0,,-0.002451731535396906,-0.002451731535396906,1.782561713302698,1.736815840089423,2.2994158402390976
360,2024-09-25,85248000.0,85950000.0,84220000.0,84362000.0,154899364722.59076,1821.46293118,618000.0,618000.0,0.0,753928.5714285715,242714.2857142857,3.1062389640965278,75.64681430516735,0,1,84838000.0,,0.007302375044310638,0.007302375044310638,1.7955786474728632,1.7494987207366552,2.316207037087352
361,2024-09-26,84362000.0,86602000.0,83800000.0,86000000.0,244700921914.2255,2865.16236011,-886000.0,0.0,886000.0,753928.5714285715,254000.0,2.96822272215973,74.79980157324073,0,1,85248000.0,,-0.010393205705705677,-0.010393205705705677,1.776916829228905,1.7313158206501702,2.2921342208939004
362,2024-09-27,85948000.0,87410000.0,85877000.0,86958000.0,213547052709.95197,2462.85215474,1586000.0,1586000.0,0.0,802500.0,254000.0,3.159448818897638,75.95835305253195,0,1,85248000.0,,0.01879993361940202,0.01879993361940202,1.8103227476656067,1.763864443152614,2.3352261920934656
363,2024-09-28,86958000.0,87250000.0,86003000.0,86732000.0,128540643136.82378,1483.00508773,1010000.0,1010000.0,0.0,684571.4285714285,254000.0,2.695163104611923,72.93759512937595,0,1,85948000.0,,0.01175129147856846,0.01175129147856846,1.8315963779437083,1.7845921283527832,2.3626681157451435
364,2024-09-29,86731000.0,86891000.0,85800000.0,85958000.0,102657137024.75742,1188.41412224,-227000.0,0.0,227000.0,684571.4285714285,241214.2857142857,2.8380219129404796,73.94491165805107,0,1,86958000.0,,-0.0026104556222543707,-0.0026104556222543707,1.8268150768812044,1.7799335297978938,2.3565004754788754
365,2024-09-30,85958000.0,85958000.0,83061000.0,83730000.0,263683386847.1853,3131.32274904,-773000.0,0.0,773000.0,684571.4285714285,236928.57142857142,2.889357853482062,74.28881482055655,0,1,86958000.0,,-0.00891261486665662,-0.00891261486665662,1.8105333776683605,1.7640696677585566,2.335497894307839
366,2024-10-01,83730000.0,84884000.0,80844000.0,81500000.0,336112162482.81934,4057.42297213,-2228000.0,0.0,2228000.0,684571.4285714285,308714.28571428574,2.2174919018972696,68.91989069466418,-1,0,86958000.0,83730000.0,-0.025919635170664757,-0.0278677959003234,1.7636050130548853,1.7149089343035098,2.274962640945524
367,2024-10-02,81500000.0,83300000.0,80940000.0,81707000.0,236838955693.58624,2890.80470844,-2230000.0,0.0,2230000.0,495428.5714285714,468000.0,1.0586080586080586,51.42348754448398,0,0,,,-0.0,-0.0,1.7636050130548853,1.7149089343035098,2.2143730471403344
368,2024-10-03,81707000.0,82700000.0,81302000.0,82424000.0,149578179974.47787,1821.57540109,207000.0,207000.0,0.0,404071.4285714286,468000.0,0.8634004884004884,46.33467114423786,0,0,,,0.0,0.0,1.7636050130548853,1.7149089343035098,2.2199972829778565
369,2024-10-04,82401000.0,84300000.0,82038000.0,83805000.0,181091795326.97305,2177.10847718,694000.0,694000.0,0.0,361571.4285714286,468000.0,0.7725885225885226,43.58532805235061,0,0,,,0.0,0.0,1.7636050130548853,1.7149089343035098,2.238853416655346
370,2024-10-05,83804000.0,84190000.0,83511000.0,83956000.0,65173151136.416794,776.76532606,1403000.0,1403000.0,0.0,426571.4285714286,468000.0,0.9114774114774115,47.68444586394123,0,0,,,0.0,0.0,1.7636050130548853,1.7149089343035098,2.2769732373318847
371,2024-10-06,83997000.0,84710000.0,83600000.0,84533000.0,83382761433.05855,990.98870219,193000.0,193000.0,0.0,437142.85714285716,468000.0,0.9340659340659341,48.29545454545455,0,0,,,0.0,0.0,1.7636050130548853,1.7149089343035098,2.2822170900692846
372,2024-10-07,84436000.0,86301000.0,83884000.0,83942000.0,237451217198.9837,2788.21491807,439000.0,439000.0,0.0,439285.71428571426,468000.0,0.9386446886446886,48.41757203589986,0,0,,,0.0,0.0,1.7636050130548853,1.7149089343035098,2.2941448172802614
373,2024-10-08,83942000.0,85270000.0,83848000.0,84139000.0,121453629364.64726,1438.91380709,-494000.0,0.0,494000.0,439285.71428571426,488428.5714285714,0.8993857853173443,47.35140129350169,0,0,,,-0.0,-0.0,1.7636050130548853,1.7149089343035098,2.280722727890233
374,2024-10-09,84139000.0,84500000.0,82187000.0,82385000.0,135554834915.67761,1623.29835868,197000.0,197000.0,0.0,409214.28571428574,488428.5714285714,0.8378180754606611,45.587650194955046,0,0,,,0.0,0.0,1.7636050130548853,1.7149089343035098,2.286075261513382
375,2024-10-10,82383000.0,83127000.0,80635000.0,82131000.0,185681130897.78085,2261.63071429,-1756000.0,0.0,1756000.0,409214.28571428574,550571.4285714285,0.7432537623248574,42.636005060653424,0,0,,,-0.0,-0.0,1.7636050130548853,1.7149089343035098,2.2383643526694748
376,2024-10-11,82131000.0,85474000.0,81749000.0,84451000.0,191651388216.23724,2292.25174675,-252000.0,0.0,252000.0,295928.5714285714,568571.4285714285,0.5204773869346734,34.2311823514831,0,0,,,-0.0,-0.0,1.7636050130548853,1.7149089343035098,2.231517456867274
377,2024-10-12,84450000.0,85250000.0,84330000.0,84956000.0,104865794502.29797,1236.13303613,2319000.0,2319000.0,0.0,389428.5714285714,568571.4285714285,0.6849246231155779,40.650164032209965,0,0,,,0.0,0.0,1.7636050130548853,1.7149089343035098,2.294525200380384
378,2024-10-13,84997000.0,85181000.0,83890000.0,84806000.0,85233068272.26575,1007.64328314,547000.0,547000.0,0.0,428500.0,552357.1428571428,0.7757661968188284,43.68628022138071,0,0,,,0.0,0.0,1.7636050130548853,1.7149089343035098,2.30938731150659
379,2024-10-14,84782000.0,88963000.0,84300000.0,88640000.0,392356925183.8489,4502.93766545,-215000.0,0.0,215000.0,428500.0,512500.0,0.8360975609756097,45.53666312433581,0,0,,,-0.0,-0.0,1.7636050130548853,1.7149089343035098,2.3035457138975697
380,2024-10-15,88640000.0,91531000.0,87510000.0,90600000.0,475365534131.7573,5320.08065393,3858000.0,3858000.0,0.0,704071.4285714285,353357.14285714284,1.9925207196280574,66.58335584977033,0,0,,,0.0,0.0,1.7636050130548853,1.7149089343035098,2.4083684282026914
381,2024-10-16,90518000.0,92350000.0,90194000.0,91750000.0,266763179314.0833,2919.35218941,1878000.0,1878000.0,0.0,838214.2857142857,194071.42857142858,4.319101950680897,81.19983393301965,0,0,,,0.0,0.0,1.7636050130548853,1.7149089343035098,2.45939410406195
